publicid,eventtype,origintime,modificationtime,longitude, latitude, magnitude, depth,magnitudetype,depthtype,evaluationmethod,evaluationstatus,evaluationmode,earthmodel,usedphasecount,usedstationcount,magnitudestationcount,minimumdistance,azimuthalgap,originerror,magnitudeuncertainty
2019p524041,earthquake,2019-07-13T21:30:09.649Z,2019-07-13T21:44:34.534Z,176.3631897,-40.11663055,2.068605255,23.46562576,M,,LOCSAT,confirmed,manual,iasp91,20,13,10,0.079118147,48.24393463,0.347136434,0
2019p523417,earthquake,2019-07-13T15:56:58.383Z,2019-07-13T15:59:14.234Z,176.0909576,-40.52754211,1.698203495,21.18177605,M,,LOCSAT,confirmed,manual,iasp91,21,13,8,0.095353775,65.05645752,0.525458366,0
2019p523382,earthquake,2019-07-13T15:38:39.682Z,2019-07-13T15:41:36.085Z,176.0986023,-40.23002243,1.260017866,38.79228592,M,,LOCSAT,confirmed,manual,iasp91,17,9,5,0.086231992,105.8141479,0.44333255,0
2019p523207,earthquake,2019-07-13T14:04:52.940Z,2019-07-13T14:11:58.352Z,175.8531189,-40.59210587,0.837270353,28.93067169,M,,LOCSAT,confirmed,manual,iasp91,10,7,2,0.097262457,90.20524597,0.448796917,0
2019p523178,earthquake,2019-07-13T13:49:36.733Z,2019-07-13T13:51:52.084Z,176.5601959,-40.19945908,1.720982238,40.53263474,M,,LOCSAT,confirmed,manual,iasp91,26,19,11,0.088101454,85.32949066,0.477396782,0
2019p523105,earthquake,2019-07-13T13:10:36.887Z,2019-07-13T13:14:08.296Z,175.5990448,-40.94275665,1.417666277,4.867955685,M,,LOCSAT,confirmed,manual,iasp91,14,9,7,0.078146942,64.62223053,0.349649492,0
2019p523073,earthquake,2019-07-13T12:53:24.660Z,2019-07-13T12:57:28.079Z,175.8484039,-40.58835602,1.039805232,24.74292755,M,,LOCSAT,confirmed,manual,iasp91,17,11,4,0.099259816,92.06562805,0.366570423,0
2019p522493,earthquake,2019-07-13T07:44:35.003Z,2019-07-13T07:54:38.695Z,176.12146,-40.26060486,3.942230282,30.83106422,M,,LOCSAT,confirmed,manual,iasp91,41,27,91,0.05150928,80.63288879,0.453206803,0
2019p522330,earthquake,2019-07-13T06:17:54.194Z,2019-07-13T06:25:00.835Z,175.6377869,-40.50249863,1.784040577,21.720644,M,,LOCSAT,confirmed,manual,iasp91,17,10,7,0.148723528,160.8384094,0.346891558,0
2019p522227,earthquake,2019-07-13T05:22:58.384Z,2019-07-13T05:27:13.870Z,175.1177063,-40.88596344,1.616524196,33.54000854,M,,LOCSAT,confirmed,manual,iasp91,25,17,7,0.079883866,111.020586,0.500455433,0
2019p521470,earthquake,2019-07-12T22:39:35.792Z,2019-07-12T22:57:03.890Z,174.1283875,-41.70853043,1.971265449,12.71135235,M,,LOCSAT,confirmed,manual,iasp91,18,11,7,0.053146712,60.39333344,0.414205813,0
2019p521414,earthquake,2019-07-12T22:09:47.770Z,2019-07-12T22:28:35.242Z,174.5287323,-40.48142624,2.246323084,27.66191864,M,,LOCSAT,confirmed,manual,iasp91,21,13,7,0.477143526,119.4381866,0.32400893,0
2019p521242,earthquake,2019-07-12T20:38:00.542Z,2019-07-12T20:49:04.031Z,175.0014343,-41.39255524,2.133808338,16.16181183,M,,LOCSAT,confirmed,manual,iasp91,39,23,10,0.099287301,122.46492,0.221547617,0
2019p521209,earthquake,2019-07-12T20:20:17.594Z,2019-07-12T20:33:50.562Z,174.5440063,-40.97360229,1.96210129,5,M,operator assigned,LOCSAT,confirmed,manual,iasp91,25,17,7,0.262812853,138.2118759,0.324265606,0
2019p521172,earthquake,2019-07-12T20:00:40.899Z,2019-07-12T20:14:12.002Z,175.0057373,-41.38900375,1.792992447,16.68816948,M,,LOCSAT,confirmed,manual,iasp91,28,19,7,0.103089802,125.2453156,0.17975987,0
2019p520858,earthquake,2019-07-12T17:13:32.344Z,2019-07-12T17:16:31.540Z,174.9922791,-41.39557648,1.407667791,18.28700447,M,,LOCSAT,confirmed,manual,iasp91,20,10,6,0.09202724,130.6493378,0.347518268,0
2019p520836,earthquake,2019-07-12T17:01:41.248Z,2019-07-12T17:04:57.206Z,175.0082703,-41.38805389,1.493161518,15.66766834,M,,LOCSAT,confirmed,manual,iasp91,29,16,8,0.105141193,104.1501007,0.211519473,0
2019p520814,earthquake,2019-07-12T16:50:00.159Z,2019-07-12T16:53:56.034Z,175.0016632,-41.39779663,2.603937358,16.65682793,M,,LOCSAT,confirmed,manual,iasp91,34,21,19,0.098764293,101.3684845,0.324422086,0
2019p520418,earthquake,2019-07-12T13:18:51.044Z,2019-07-12T13:22:12.106Z,173.7022705,-42.06942368,2.60290124,24.84813118,M,,LOCSAT,confirmed,manual,iasp91,20,14,7,0.237048373,115.1844025,0.433513566,0
2019p520406,earthquake,2019-07-12T13:12:47.083Z,2019-07-12T13:15:15.231Z,176.2279816,-40.39182663,1.772561989,19.64760971,M,,LOCSAT,confirmed,manual,iasp91,16,10,7,0.104038611,86.50672913,0.218829722,0
2019p520362,earthquake,2019-07-12T12:49:09.187Z,2019-07-12T12:51:35.701Z,176.5839386,-40.31837082,1.766805512,11.58532619,M,,LOCSAT,confirmed,manual,iasp91,14,10,6,0.065070607,173.40868,0.420279305,0
2019p519908,earthquake,2019-07-12T08:47:05.617Z,2019-07-12T08:54:49.312Z,173.9084625,-41.91272354,1.210942618,11.0991497,M,,LOCSAT,confirmed,manual,iasp91,17,11,2,0.069326468,80.23243713,0.227738166,0
2019p519794,earthquake,2019-07-12T07:46:36.041Z,2019-07-12T07:51:05.169Z,174.2512512,-41.67008972,1.615647759,19.49128342,M,,LOCSAT,confirmed,manual,iasp91,17,13,5,0.083695173,116.8513641,0.324361139,0
2019p519777,earthquake,2019-07-12T07:37:13.370Z,2019-07-12T07:38:47.112Z,175.9134521,-41.04175949,2.258115554,20.61702347,M,,LOCSAT,confirmed,manual,iasp91,27,19,13,0.067066886,136.0543022,0.258187742,0
2019p519770,earthquake,2019-07-12T07:33:42.249Z,2019-07-12T07:38:19.518Z,174.1742249,-41.61859894,2.878736481,19.35679245,M,,LOCSAT,confirmed,manual,iasp91,21,14,7,0.090821736,80.32012177,0.320307799,0
2019p519763,earthquake,2019-07-12T07:30:15.317Z,2019-07-12T07:33:01.276Z,175.8553772,-40.60618973,2.184812981,18.74472237,M,,LOCSAT,confirmed,manual,iasp91,20,11,8,0.101988524,93.93972778,0.45119433,0
2019p519489,earthquake,2019-07-12T05:04:05.940Z,2019-07-12T05:10:20.137Z,174.9286346,-41.30310059,1.40232297,3.245732307,M,,LOCSAT,confirmed,manual,iasp91,20,14,7,0.054165348,76.50857544,0.296717791,0
2019p519469,earthquake,2019-07-12T04:53:36.524Z,2019-08-07T02:49:26.778Z,174.9202881,-40.30569839,3.137926113,29.47299194,M,,LOCSAT,confirmed,manual,iasp91,49,33,16,0.318259686,81.05879211,1.067508066,0
2019p519201,earthquake,2019-07-12T02:30:18.276Z,2019-07-12T02:32:48.709Z,174.6068268,-41.24520111,2.097806454,20.48518181,M,,LOCSAT,confirmed,manual,iasp91,20,12,10,0.127685666,80.87918091,0.418460557,0
2019p518993,earthquake,2019-07-12T00:39:51.535Z,2019-07-12T00:45:21.691Z,174.1316071,-41.71014404,1.815205476,12.71509743,M,,LOCSAT,confirmed,manual,iasp91,17,10,5,0.056011841,72.56456375,0.281959304,0
2019p518974,earthquake,2019-07-12T00:29:38.853Z,2019-07-12T00:37:07.785Z,174.5288086,-40.70024109,1.73972238,5,M,operator assigned,LOCSAT,confirmed,manual,iasp91,25,18,6,0.330795288,109.068295,0.827699086,0
2019p518722,earthquake,2019-07-11T22:15:13.912Z,2019-07-11T22:34:00.783Z,174.4215851,-41.58442688,1.825295627,8.214320183,M,,LOCSAT,confirmed,manual,iasp91,18,12,6,0.226445109,134.4788361,0.427985844,0
2019p518578,earthquake,2019-07-11T20:58:31.847Z,2019-07-11T21:03:37.359Z,175.3218689,-41.49604416,1.721060256,14.24694633,M,,LOCSAT,confirmed,manual,iasp91,16,12,6,0.088744186,144.0203018,0.239272743,0
2019p518262,earthquake,2019-07-11T18:10:34.599Z,2019-07-11T18:14:44.061Z,176.3179169,-40.18737793,1.396431685,39.26599884,M,,LOCSAT,confirmed,manual,iasp91,17,9,7,0.154810935,68.99787903,0.278164742,0
2019p518214,earthquake,2019-07-11T17:44:07.130Z,2019-07-11T17:50:18.116Z,174.0745697,-41.7036972,1.460939808,15.23220921,M,,LOCSAT,confirmed,manual,iasp91,15,9,4,0.113647692,95.55846405,0.307045937,0
2019p518054,earthquake,2019-07-11T16:19:16.986Z,2019-07-11T16:22:04.942Z,175.7322845,-40.58951187,2.848121226,20.23962975,M,,LOCSAT,confirmed,manual,iasp91,24,14,47,0.136866823,129.1374044,0.344155323,0
2019p517778,earthquake,2019-07-11T13:52:37.608Z,2019-07-11T13:53:58.882Z,175.7673798,-40.85502625,1.631519445,19.86568451,M,,LOCSAT,confirmed,manual,iasp91,20,10,7,0.119520985,95.259758,0.2291902,0
2019p517741,earthquake,2019-07-11T13:32:49.401Z,2019-07-11T13:34:33.483Z,176.4084167,-40.22892761,1.773219421,19.39714432,M,,LOCSAT,confirmed,manual,iasp91,18,10,6,0.166311249,81.58093262,0.357929551,0
2019p517558,earthquake,2019-07-11T11:55:20.628Z,2019-07-11T11:58:16.591Z,176.3918762,-40.22399521,1.191254757,20.57903099,M,,LOCSAT,confirmed,manual,iasp91,21,11,7,0.163856,90.79086304,0.517042443,0
2019p517052,earthquake,2019-07-11T07:25:49.933Z,2019-07-11T07:29:44.603Z,175.6460571,-41.15620041,1.637074327,14.94015884,M,,LOCSAT,confirmed,manual,iasp91,18,10,8,0.109113649,97.52258301,0.176980364,0
2019p516814,earthquake,2019-07-11T05:18:53.851Z,2019-07-11T05:21:05.992Z,175.8350983,-40.63572693,1.516138291,23.13132477,M,,LOCSAT,confirmed,manual,iasp91,22,11,9,0.131384477,85.44458008,0.436346409,0
2019p516252,earthquake,2019-07-11T00:19:07.568Z,2019-07-11T00:23:54.021Z,174.8756866,-40.11067581,2.061805162,20.57920074,M,,LOCSAT,confirmed,manual,iasp91,23,14,7,0.220849946,128.4959259,0.648587214,0
2019p516008,earthquake,2019-07-10T22:09:21.435Z,2019-07-10T22:21:57.787Z,175.5328064,-39.94818878,2.21764487,18.09218407,M,,LOCSAT,confirmed,manual,iasp91,24,15,11,0.243087232,87.11341858,0.278612881,0
2019p515877,earthquake,2019-07-10T20:59:45.920Z,2019-07-10T21:09:29.592Z,173.5088806,-41.40761185,2.105043793,45.31225204,M,,LOCSAT,confirmed,manual,iasp91,25,17,6,0.213853702,54.55973625,0.501500286,0
2019p515795,earthquake,2019-07-10T20:15:56.688Z,2019-07-10T20:23:55.869Z,175.8623962,-40.56915283,2.116724686,13.08519077,M,,LOCSAT,confirmed,manual,iasp91,21,12,8,0.141385943,104.0351868,0.546843774,0
2019p515787,earthquake,2019-07-10T20:11:48.548Z,2019-07-10T20:16:46.429Z,176.3914642,-40.23410034,1.671205648,18.74980164,M,,LOCSAT,confirmed,manual,iasp91,21,13,7,0.17376706,64.32014465,0.267534465,0
2019p515724,earthquake,2019-07-10T19:38:09.241Z,2019-08-06T22:54:40.658Z,174.4467926,-41.54317474,2.896391057,5,M,operator assigned,LOCSAT,confirmed,manual,iasp91,25,15,9,0.26979512,150.2949371,0.664169312,0
2019p515663,earthquake,2019-07-10T19:05:27.517Z,2019-07-10T19:11:29.171Z,174.4499359,-41.53957748,2.072507686,5,M,operator assigned,LOCSAT,confirmed,manual,iasp91,21,11,7,0.274063468,149.8771896,0.844365383,0
2019p515619,earthquake,2019-07-10T18:42:09.325Z,2019-07-10T18:48:53.725Z,174.7980652,-39.80688477,2.182897975,24.62332344,M,,LOCSAT,confirmed,manual,iasp91,19,12,7,0.153597772,174.708786,0.532491287,0
2019p515595,earthquake,2019-07-10T18:29:22.593Z,2019-07-10T18:37:27.602Z,176.7192688,-40.30678177,1.638489264,15.68282127,M,,LOCSAT,confirmed,manual,iasp91,21,13,6,0.075943343,202.234581,0.511857062,0
2019p515459,earthquake,2019-07-10T17:16:42.037Z,2019-08-06T22:44:17.641Z,174.862915,-40.22946548,2.604803212,30.50090408,M,,LOCSAT,confirmed,manual,iasp91,15,11,6,0.347066879,99.84542847,0.443636988,0
2019p515111,earthquake,2019-07-10T14:11:40.403Z,2019-07-10T14:16:18.276Z,173.2384338,-41.78082275,1.863315589,61.51704407,M,,LOCSAT,confirmed,manual,iasp91,19,12,5,0.249930814,86.9105072,0.320539715,0
2019p515048,not locatable,2019-07-10T13:37:46.509Z,2019-07-10T14:13:43.000Z,174.9680434,-41.13958627,1.727714874,28.4375,M,,NonLinLoc,,automatic,nz3drx,11,11,3,0.279479234,90.16328059,0.299990914,0
2019p515022,earthquake,2019-07-10T13:23:59.970Z,2019-07-10T13:27:48.691Z,174.8575134,-40.24721527,2.420167061,27.21327019,M,,LOCSAT,confirmed,manual,iasp91,34,29,11,0.352795243,96.67297363,0.348030203,0
2019p515006,earthquake,2019-07-10T13:15:24.128Z,2019-07-10T14:04:04.655Z,174.0799713,-41.77470016,1.284472591,13.35444355,M,,LOCSAT,confirmed,manual,iasp91,19,14,3,0.068434708,64.65747833,0.487614683,0
2019p514880,earthquake,2019-07-10T12:08:09.957Z,2019-07-10T12:11:11.917Z,174.9859161,-40.12773514,2.041539355,22.03304863,M,,LOCSAT,confirmed,manual,iasp91,23,12,4,0.199639082,165.4730225,0.599067186,0
2019p514779,earthquake,2019-07-10T11:14:23.962Z,2019-08-06T21:20:40.467Z,174.3442535,-41.75386429,3.014698731,13.27956009,M,,LOCSAT,confirmed,manual,iasp91,31,18,10,0.097717009,169.2032928,0.699192772,0
2019p514704,earthquake,2019-07-10T10:34:28.812Z,2019-07-10T10:42:44.168Z,175.061264,-41.50825119,1.950908359,19.73945236,M,,LOCSAT,confirmed,manual,iasp91,51,31,8,0.152720198,134.5548096,0.25117213,0
2019p514665,earthquake,2019-07-10T10:14:00.042Z,2019-07-10T10:20:33.487Z,176.7332001,-40.27563477,1.737121781,12.86302471,M,,LOCSAT,confirmed,manual,iasp91,19,14,7,0.075569019,200.4345589,0.354191538,0
2019p514463,earthquake,2019-07-10T08:26:12.940Z,2019-07-10T08:29:18.426Z,176.7510376,-40.28343582,2.112680507,11.96304321,M,,LOCSAT,confirmed,manual,iasp91,23,13,10,0.090267487,205.3754387,0.504131214,0
2019p514432,earthquake,2019-07-10T08:09:38.718Z,2019-07-10T08:11:53.097Z,176.308197,-40.1987915,2.011989764,36.53765106,M,,LOCSAT,confirmed,manual,iasp91,22,11,6,0.147425547,53.40926743,0.354977786,0
2019p514310,earthquake,2019-07-10T07:04:47.922Z,2019-07-10T07:07:50.227Z,174.7151489,-40.77684784,1.424514138,5,M,operator assigned,LOCSAT,confirmed,manual,iasp91,13,8,6,0.169867963,189.3377914,0.748679721,0
2019p514304,earthquake,2019-07-10T07:01:18.659Z,2019-07-10T07:03:06.051Z,174.2138214,-41.59427643,2.419732193,10.58816051,M,,LOCSAT,confirmed,manual,iasp91,21,12,7,0.129155487,102.5673904,0.492445589,0
2019p514288,earthquake,2019-07-10T06:52:59.147Z,2019-07-10T06:56:25.478Z,174.0730438,-41.76721573,1.630149259,13.51202488,M,,LOCSAT,confirmed,manual,iasp91,17,11,6,0.077503219,78.08816528,0.343468147,0
2019p514272,earthquake,2019-07-10T06:44:32.040Z,2019-07-10T06:46:28.745Z,174.5478973,-40.96447754,1.539649527,5,M,operator assigned,LOCSAT,confirmed,manual,iasp91,16,10,6,0.293106079,140.7416763,0.486515372,0
2019p514236,earthquake,2019-07-10T06:24:58.454Z,2019-07-10T06:29:45.707Z,174.9981689,-40.95358658,1.990788287,32.50409317,M,,LOCSAT,confirmed,manual,iasp91,26,17,10,0.114330299,79.64016724,0.492428652,0
2019p514233,earthquake,2019-07-10T06:23:50.330Z,2019-07-10T06:26:35.174Z,174.9845886,-40.11665344,1.757464561,18.05311584,M,,LOCSAT,confirmed,manual,iasp91,18,10,7,0.361572594,175.7481212,0.41728105,0
2019p514139,earthquake,2019-07-10T05:33:28.238Z,2019-07-10T05:38:02.365Z,174.9612732,-40.12523651,1.977578139,12,M,operator assigned,LOCSAT,confirmed,manual,iasp91,21,14,7,0.370614678,133.6563237,0.658061417,0
2019p514059,earthquake,2019-07-10T04:50:46.590Z,2019-07-10T04:53:20.330Z,175.910614,-40.35100555,1.479198251,14.47211266,M,,LOCSAT,confirmed,manual,iasp91,19,11,7,0.116307415,60.20848083,0.464227774,0
2019p513742,earthquake,2019-07-10T02:02:10.363Z,2019-08-06T05:11:35.931Z,174.4701538,-41.59375763,3.137500704,5,M,operator assigned,LOCSAT,confirmed,manual,iasp91,30,24,14,0.246871918,130.0943604,1.943793362,0
2019p513370,earthquake,2019-07-09T22:43:54.406Z,2019-07-09T22:48:06.955Z,175.3361816,-41.21308899,1.808608599,20.23876953,M,,LOCSAT,confirmed,manual,iasp91,18,12,10,0.136456415,58.77374268,0.165503089,0
2019p513121,earthquake,2019-07-09T20:31:01.181Z,2019-07-09T20:34:19.770Z,174.2723541,-40.4221077,2.220871741,66.58859253,M,,LOCSAT,confirmed,manual,iasp91,24,19,7,0.463771701,97.3837738,0.536296574,0
2019p513012,earthquake,2019-07-09T19:32:54.522Z,2019-07-09T19:36:09.320Z,175.5366364,-41.16010666,1.88089499,16.73598289,M,,LOCSAT,confirmed,manual,iasp91,28,20,12,0.026565943,75.62348938,0.406700444,0
2019p512190,earthquake,2019-07-09T12:15:15.450Z,2019-07-09T12:20:22.836Z,173.9910431,-41.84802246,1.456815193,11.77678871,M,,LOCSAT,confirmed,manual,iasp91,16,11,4,0.107825421,104.3677139,0.345453961,0
2019p512176,earthquake,2019-07-09T12:07:36.399Z,2019-07-09T12:10:34.068Z,176.5382996,-40.22660065,1.28372601,14.98662949,M,,LOCSAT,confirmed,manual,iasp91,17,12,5,0.084120885,66.35269165,0.261022269,0
2019p512057,earthquake,2019-07-09T11:04:14.609Z,2019-07-09T11:09:53.141Z,175.2304993,-40.92629623,1.419692448,18.12837029,M,,LOCSAT,confirmed,manual,iasp91,27,17,7,0.118634045,67.62831497,0.415808075,0
2019p511955,earthquake,2019-07-09T10:09:55.774Z,2019-07-09T10:12:32.255Z,174.5405273,-41.07041931,2.163025859,26.57987404,M,,LOCSAT,confirmed,manual,iasp91,29,19,6,0.243657619,67.57327271,0.579349279,0
2019p511747,earthquake,2019-07-09T08:19:01.566Z,2019-07-09T08:21:01.175Z,174.1335602,-41.68895721,1.648128447,11.39136219,M,,LOCSAT,confirmed,manual,iasp91,17,10,6,0.08492168,76.17483521,0.470032587,0
2019p511700,earthquake,2019-07-09T07:54:07.526Z,2019-07-09T07:57:49.045Z,174.237854,-41.63119507,2.292910404,8.703303337,M,,LOCSAT,confirmed,manual,iasp91,24,14,6,0.119094975,102.9933777,0.447883409,0
2019p510676,earthquake,2019-07-08T22:48:11.870Z,2019-07-08T22:52:00.920Z,175.1202698,-40.02722168,2.125123681,20.62133217,M,,LOCSAT,confirmed,manual,iasp91,22,18,6,0.291312754,80.86157227,0.463543732,0
2019p510378,earthquake,2019-07-08T20:09:51.491Z,2019-08-06T01:17:49.744Z,174.70224,-41.08124161,2.852429972,44.49290848,M,,LOCSAT,confirmed,manual,iasp91,28,18,13,0.104212672,100.5584984,0.634650775,0
2019p510057,earthquake,2019-07-08T17:18:37.827Z,2019-07-08T17:25:36.828Z,175.8578949,-40.59547806,2.056417991,22.77014923,M,,LOCSAT,confirmed,manual,iasp91,23,14,13,0.095302388,88.44274902,0.415778835,0
2019p510002,earthquake,2019-07-08T16:49:32.412Z,2019-07-08T16:58:05.872Z,176.2163696,-40.7523613,1.45731698,20.62227631,M,,LOCSAT,confirmed,manual,iasp91,15,10,4,0.076108515,220.493679,0.254510374,0
2019p509961,earthquake,2019-07-08T16:27:33.014Z,2019-07-08T16:34:51.342Z,173.2143707,-41.57885742,1.715141448,5,M,operator assigned,LOCSAT,confirmed,manual,iasp91,15,12,3,0.295479506,67.53851318,0.430302346,0
2019p509740,earthquake,2019-07-08T14:29:16.030Z,2019-07-08T15:06:48.901Z,175.870636,-40.58610535,1.212912165,26.84747124,M,,LOCSAT,confirmed,manual,iasp91,19,11,6,0.082644522,86.59590149,0.555272861,0
2019p509739,earthquake,2019-07-08T14:28:58.155Z,2019-07-08T15:01:31.623Z,174.555191,-41.63421249,1.97350363,12,ML,operator assigned,LOCSAT,confirmed,manual,iasp91,17,12,4,0.384757459,222.5003738,0.386079546,0.341505264
2019p508736,earthquake,2019-07-08T05:34:53.066Z,2019-07-08T05:38:44.506Z,174.7188721,-40.86151123,1.814943847,5,M,operator assigned,LOCSAT,confirmed,manual,iasp91,21,16,4,0.144759819,134.7842064,0.459635269,0
2019p508586,earthquake,2019-07-08T04:15:05.112Z,2019-07-08T04:19:26.929Z,174.1274872,-41.71246719,1.138471527,10.43004322,M,,LOCSAT,confirmed,manual,iasp91,19,14,3,0.055433143,62.32940674,0.41828754,0
2019p508563,earthquake,2019-07-08T04:03:31.272Z,2019-07-08T04:11:41.513Z,174.8449097,-41.02980042,2.217600927,41.42245483,M,,LOCSAT,confirmed,manual,iasp91,50,30,11,0.098624803,88.50694656,0.48951387,0
2019p508454,earthquake,2019-07-08T03:04:25.590Z,2019-07-08T03:06:04.603Z,176.3384857,-40.31132126,2.332312875,21.9957962,M,,LOCSAT,confirmed,manual,iasp91,20,12,6,0.132029384,66.00968933,0.258133226,0
2019p507884,earthquake,2019-07-07T22:00:51.177Z,2019-07-07T22:02:19.526Z,174.6544647,-41.01921463,2.074886228,40.10017395,M,,LOCSAT,confirmed,manual,iasp91,16,10,5,0.249835372,119.6734734,0.345189846,0
2019p507322,earthquake,2019-07-07T17:01:39.083Z,2019-07-07T17:17:41.616Z,174.2523651,-41.77487946,1.325980593,10.7464819,M,,LOCSAT,confirmed,manual,iasp91,19,14,2,0.038722046,144.3872757,0.478703113,0
2019p506636,earthquake,2019-07-07T10:55:48.872Z,2019-07-07T11:05:20.532Z,173.9970398,-41.80200195,2.015761631,10.3318367,M,,LOCSAT,confirmed,manual,iasp91,18,13,5,0.108695358,80.7905426,0.270194656,0
2019p506603,earthquake,2019-07-07T10:38:30.378Z,2019-07-07T10:47:50.429Z,174.6468811,-41.60020828,2.196715444,17.8517971,M,,LOCSAT,confirmed,manual,iasp91,21,14,3,0.328794122,172.2144012,0.305461797,0
2019p506512,earthquake,2019-07-07T09:49:41.021Z,2019-07-07T09:52:23.357Z,176.6676636,-40.64026642,2.857540772,23.06469536,M,,LOCSAT,confirmed,manual,iasp91,19,12,6,0.232508719,218.8043156,0.5718315,0
2019p506333,earthquake,2019-07-07T08:14:38.594Z,2019-07-07T08:24:14.649Z,174.9015656,-41.00825882,1.835349691,5,M,operator assigned,LOCSAT,confirmed,manual,iasp91,20,18,7,0.132130116,103.1886358,0.395518583,0
2019p505688,earthquake,2019-07-07T02:30:59.581Z,2019-07-07T02:34:18.526Z,175.8585968,-41.09250259,3.25543283,25.13903427,M,,LOCSAT,confirmed,manual,iasp91,22,14,8,0.027904047,82.48852539,0.389059775,0
2019p505369,earthquake,2019-07-06T23:40:57.518Z,2019-07-06T23:44:27.482Z,174.3208771,-41.95433807,2.103053671,24.87418938,M,,LOCSAT,confirmed,manual,iasp91,20,12,5,0.186134711,197.5701141,0.508421717,0
2019p505278,earthquake,2019-07-06T22:52:25.799Z,2019-07-06T22:55:35.026Z,174.9225616,-40.07440567,1.879847874,49.18183899,M,,LOCSAT,confirmed,manual,iasp91,18,12,6,0.323024988,137.0363922,0.349734166,0
2019p505005,earthquake,2019-07-06T20:26:44.925Z,2019-07-06T20:30:00.061Z,176.2957764,-40.69560623,1.992268421,29.67292786,M,,LOCSAT,confirmed,manual,iasp91,21,12,7,0.04090016,165.1757507,0.540057082,0
2019p504453,earthquake,2019-07-06T15:33:04.487Z,2019-07-06T15:36:54.369Z,176.0986481,-40.30984497,1.856393378,39.6776123,M,,LOCSAT,confirmed,manual,iasp91,19,10,6,0.177245706,76.46038818,0.370536684,0
2019p504306,earthquake,2019-07-06T14:14:38.484Z,2019-07-06T15:22:48.394Z,173.5923615,-41.47173309,1.607822425,35.33461761,M,,LOCSAT,confirmed,manual,iasp91,21,12,5,0.237281352,57.95776367,0.453764057,0
2019p504297,earthquake,2019-07-06T14:10:18.590Z,2019-07-06T14:18:04.482Z,175.1445923,-40.02402115,2.021966036,11.69509125,M,,LOCSAT,confirmed,manual,iasp91,25,18,6,0.223587498,105.6427307,0.643609738,0
2019p504037,earthquake,2019-07-06T11:51:17.347Z,2019-07-06T11:58:13.527Z,174.3724213,-41.56880951,1.550354699,5,M,operator assigned,LOCSAT,confirmed,manual,iasp91,20,14,5,0.215744764,164.5731239,0.295364845,0
2019p503621,earthquake,2019-07-06T08:09:22.238Z,2019-07-06T08:22:34.623Z,175.2302246,-41.23799133,2.019491097,19.60069084,M,,LOCSAT,confirmed,manual,iasp91,25,17,10,0.176540211,85.51177979,0.215768338,0
2019p503565,earthquake,2019-07-06T07:39:29.525Z,2019-07-06T07:56:18.581Z,173.2279358,-41.79068756,2.825342461,62.08641052,M,,LOCSAT,confirmed,manual,iasp91,27,20,13,0.243026897,45.5353775,0.284891383,0
2019p503519,earthquake,2019-07-06T07:15:05.391Z,2019-07-06T07:32:18.296Z,174.9775543,-41.37605286,2.049945658,20.13693428,M,,LOCSAT,confirmed,manual,iasp91,27,21,10,0.086301103,110.1603851,0.237851954,0
2019p503014,earthquake,2019-07-06T02:46:19.887Z,2019-07-06T03:05:07.177Z,173.2246399,-41.59240341,2.659996244,5,M,operator assigned,LOCSAT,confirmed,manual,iasp91,19,11,9,0.293489426,72.88178253,0.478767126,0
2019p502929,earthquake,2019-07-06T02:00:55.399Z,2019-07-06T02:02:49.676Z,176.4024506,-40.31364441,1.6267434,22.26927376,M,,LOCSAT,confirmed,manual,iasp91,14,10,4,0.156119674,83.99884033,0.239245602,0
2019p502923,earthquake,2019-07-06T01:57:24.864Z,2019-07-06T02:00:48.649Z,173.7527008,-42.01546478,2.093673032,5,M,operator assigned,LOCSAT,confirmed,manual,iasp91,16,12,6,0.180675656,130.7954178,0.275823462,0
2019p502063,earthquake,2019-07-05T18:19:39.223Z,2019-07-05T18:58:43.757Z,174.9558258,-41.41850662,1.74810973,12.19697952,M,,LOCSAT,confirmed,manual,iasp91,24,14,6,0.220866382,125.6380997,0.231916021,0
2019p501094,earthquake,2019-07-05T09:43:02.922Z,2019-07-05T09:49:12.421Z,176.2797394,-40.16931915,1.77780632,27.01140976,M,,LOCSAT,confirmed,manual,iasp91,16,10,7,0.155701324,66.99005127,0.2002992,0
2019p500782,earthquake,2019-07-05T06:56:49.523Z,2019-07-05T07:14:14.429Z,173.5435181,-41.26467896,2.023294751,56.75769043,ML,,LOCSAT,confirmed,manual,iasp91,18,11,6,0.13253133,92.42921448,0.381839355,0.456786048
2019p500254,earthquake,2019-07-05T02:15:23.522Z,2019-07-05T02:26:08.401Z,175.8649445,-40.61919785,1.376192931,20.22907829,M,,LOCSAT,confirmed,manual,iasp91,14,10,4,0.103322461,82.77062988,0.421582388,0
2019p500129,earthquake,2019-07-05T01:09:03.097Z,2019-07-05T01:16:00.540Z,174.285553,-41.64534378,1.863571964,5.351815224,M,,LOCSAT,confirmed,manual,iasp91,12,9,3,0.314750344,216.5095673,0.388306045,0
2019p499361,earthquake,2019-07-04T18:19:32.463Z,2019-07-04T18:26:00.965Z,173.4998627,-41.5102005,2.003623262,38.01377487,M,,LOCSAT,confirmed,manual,iasp91,17,11,4,0.306544036,80.35381317,0.297530696,0
2019p499247,earthquake,2019-07-04T17:19:44.689Z,2019-07-04T17:28:16.473Z,175.8227234,-40.57682419,1.95573004,27.06371689,M,,LOCSAT,confirmed,manual,iasp91,19,13,10,0.115106411,101.5623016,0.510286745,0
2019p498868,earthquake,2019-07-04T13:57:07.054Z,2019-07-04T13:59:20.962Z,175.2073517,-41.32704163,1.406429356,16.50595856,M,,LOCSAT,confirmed,manual,iasp91,19,11,5,0.09420611,80.48789978,0.331105533,0
2019p498017,earthquake,2019-07-04T06:23:28.714Z,2019-07-31T02:15:37.783Z,174.2613983,-41.62474823,3.606656241,5,M,operator assigned,LOCSAT,confirmed,manual,iasp91,33,21,11,0.129180878,109.9306946,0.711206974,0
2019p497772,earthquake,2019-07-04T04:13:20.279Z,2019-07-04T04:19:05.428Z,174.1614685,-41.68014526,1.894884646,11.01698399,M,,LOCSAT,confirmed,manual,iasp91,22,15,4,0.064173989,67.6943512,0.30595013,0
2019p497685,earthquake,2019-07-04T03:26:48.261Z,2019-07-30T23:56:02.315Z,173.7443695,-42.04167938,3.005701451,3.96260643,M,,LOCSAT,confirmed,manual,iasp91,29,21,10,0.196477667,122.7007675,0.345319452,0
2019p496946,earthquake,2019-07-03T20:53:02.884Z,2019-07-03T21:08:41.040Z,175.7461395,-40.59901428,1.860610245,21.38368225,M,,LOCSAT,confirmed,manual,iasp91,22,15,9,0.057873007,117.2490134,0.347843378,0
2019p496850,earthquake,2019-07-03T20:02:00.030Z,2019-07-03T20:12:28.546Z,174.6457825,-40.45005417,1.892433905,33,M,operator assigned,LOCSAT,confirmed,manual,iasp91,15,10,5,0.45689249,209.2182159,0.509786285,0
2019p496029,earthquake,2019-07-03T12:44:30.011Z,2019-07-03T12:48:12.194Z,174.1655121,-41.74186707,2.417344501,14.75407791,M,,LOCSAT,confirmed,manual,iasp91,18,11,9,0.036850132,113.2971115,0.411970366,0
2019p495979,earthquake,2019-07-03T12:17:44.533Z,2019-07-03T12:25:27.050Z,174.2899628,-41.63248825,2.430745165,10.57646561,M,,LOCSAT,confirmed,manual,iasp91,26,21,12,0.129649952,120.7462616,0.325605116,0
2019p495923,earthquake,2019-07-03T11:47:47.255Z,2019-07-03T11:50:16.274Z,174.2669373,-41.63526535,2.59198251,12.37147808,M,,LOCSAT,confirmed,manual,iasp91,23,16,13,0.120420463,114.0389557,0.398105298,0
2019p495675,earthquake,2019-07-03T09:36:02.248Z,2019-07-03T09:43:00.408Z,174.5272827,-41.13922119,2.122652283,23.14203644,M,,LOCSAT,confirmed,manual,iasp91,26,19,7,0.202343449,100.1483765,0.342159792,0
2019p495285,earthquake,2019-07-03T06:07:57.667Z,2019-07-03T06:15:23.628Z,175.5038147,-41.06302643,1.648424177,21.56481552,M,,LOCSAT,confirmed,manual,iasp91,22,11,7,0.094825037,58.9332962,0.315727738,0
2019p494715,earthquake,2019-07-03T01:04:27.101Z,2019-07-03T01:14:19.495Z,176.1296692,-40.86143112,2.583322929,23.61779022,M,,LOCSAT,confirmed,manual,iasp91,18,11,16,0.072865054,85.01483917,0.286627012,0
2019p494710,earthquake,2019-07-03T01:01:59.766Z,2019-07-03T01:09:15.402Z,174.151947,-41.70031357,1.967597808,8.545645714,M,,LOCSAT,confirmed,manual,iasp91,16,10,6,0.067182206,74.59762955,0.334599339,0
2019p494385,earthquake,2019-07-02T22:08:22.164Z,2019-07-02T22:20:10.899Z,174.5477905,-41.06996918,2.025070566,20.74821663,M,,LOCSAT,confirmed,manual,iasp91,22,14,7,0.248424515,113.54739,0.392115422,0
2019p494146,earthquake,2019-07-02T20:01:30.856Z,2019-07-29T23:47:08.251Z,173.2128143,-41.57869339,2.70229543,5,M,operator assigned,LOCSAT,confirmed,manual,iasp91,18,13,7,0.294668704,67.44309998,0.541103781,0
2019p493287,earthquake,2019-07-02T12:23:48.845Z,2019-07-02T12:27:05.247Z,175.490799,-41.04797363,1.353360685,12.892066,M,,LOCSAT,confirmed,manual,iasp91,26,13,8,0.110149741,99.49703979,0.339334457,0
2019p492762,earthquake,2019-07-02T07:43:41.108Z,2019-07-02T07:48:32.607Z,174.4741974,-40.97684097,2.150470588,27.58089066,M,,LOCSAT,confirmed,manual,iasp91,23,15,10,0.277126849,85.42435265,0.388046936,0
2019p492685,earthquake,2019-07-02T07:02:40.180Z,2019-07-02T07:08:28.998Z,175.8671722,-40.59489441,1.022439433,23.92872238,M,,LOCSAT,confirmed,manual,iasp91,18,11,5,0.088699885,86.24285889,0.509548948,0
2019p492493,earthquake,2019-07-02T05:20:19.428Z,2019-07-02T05:27:12.263Z,173.2210083,-41.57985687,2.395828607,5,M,operator assigned,LOCSAT,confirmed,manual,iasp91,19,13,6,0.298781127,67.98519897,0.460756273,0
2019p491982,earthquake,2019-07-02T00:48:21.298Z,2019-07-02T00:53:27.655Z,173.4414825,-41.58078384,2.256315319,36.73125076,M,,LOCSAT,confirmed,manual,iasp91,18,10,6,0.351976901,70.44946289,0.302942313,0
2019p491910,earthquake,2019-07-02T00:10:10.487Z,2019-07-02T00:18:48.645Z,176.1389008,-40.41674423,2.228265195,25.94442558,M,,LOCSAT,confirmed,manual,iasp91,27,16,19,0.119643994,63.12214661,0.328294276,0
2019p491818,earthquake,2019-07-01T23:20:41.677Z,2019-07-01T23:27:42.240Z,174.2538147,-41.6231842,1.665548246,7.556089401,M,,LOCSAT,confirmed,manual,iasp91,25,16,6,0.129250482,118.5465088,0.433429662,0
2019p491375,earthquake,2019-07-01T19:24:45.245Z,2019-07-01T19:29:13.688Z,176.2802124,-40.34857941,1.680118703,23.62114716,M,,LOCSAT,confirmed,manual,iasp91,25,16,8,0.057340659,47.04851532,0.462188059,0
2019p489746,earthquake,2019-07-01T04:57:03.889Z,2019-07-01T05:02:08.611Z,176.3283386,-40.29092789,2.047751549,42.27534866,M,,LOCSAT,confirmed,manual,iasp91,18,12,8,0.123953141,62.30361176,0.390173539,0
2019p489674,earthquake,2019-07-01T04:18:33.905Z,2019-07-01T04:20:52.011Z,175.8507996,-40.59874344,2.626038299,22.55849075,M,,LOCSAT,confirmed,manual,iasp91,18,10,8,0.101582624,89.67018127,0.470246801,0
2019p489411,earthquake,2019-07-01T01:58:19.163Z,2019-07-01T02:02:49.296Z,175.074707,-41.40445709,1.52460571,14.95567036,M,,LOCSAT,confirmed,manual,iasp91,18,11,7,0.131942824,127.8869324,0.241335448,0
2019p489383,earthquake,2019-07-01T01:43:47.289Z,2019-07-01T02:38:43.526Z,175.0684509,-41.4082756,1.904078449,15.10713387,M,,LOCSAT,confirmed,manual,iasp91,20,12,10,0.136363402,130.9408875,0.198548743,0
2019p488545,earthquake,2019-06-30T18:17:01.376Z,2019-06-30T18:21:42.471Z,176.6904297,-40.29313278,1.747505553,15.33461189,M,,LOCSAT,confirmed,manual,iasp91,25,17,7,0.05001425,184.2734261,0.61937615,0
2019p488466,earthquake,2019-06-30T17:35:04.564Z,2019-06-30T17:41:09.616Z,175.8712311,-40.58419418,1.226706397,26.12302208,M,,LOCSAT,confirmed,manual,iasp91,20,10,4,0.081517071,86.68798828,0.600195956,0
2019p488412,earthquake,2019-06-30T17:06:14.740Z,2019-06-30T17:09:28.241Z,174.094986,-41.73061371,1.8346697,12.62001514,M,,LOCSAT,confirmed,manual,iasp91,15,11,6,0.090816475,98.91374207,0.451354128,0
2019p488302,earthquake,2019-06-30T16:07:49.688Z,2019-06-30T16:10:25.329Z,175.3240814,-39.93464279,2.077585437,37.2249527,M,,LOCSAT,confirmed,manual,iasp91,22,14,4,0.316631526,116.9419556,0.663397483,0
2019p488113,earthquake,2019-06-30T14:27:06.252Z,2019-06-30T14:30:46.114Z,175.651535,-40.83965683,1.658168789,16.4852581,M,,LOCSAT,confirmed,manual,iasp91,27,22,9,0.110622324,69.31362915,0.375731143,0
2019p487890,earthquake,2019-06-30T12:28:00.520Z,2019-06-30T12:30:51.097Z,176.3423309,-40.33432007,0.942367437,30.79496765,M,,LOCSAT,confirmed,manual,iasp91,15,10,6,0.138949916,67.83401489,0.377701062,0
2019p487809,earthquake,2019-06-30T11:44:39.681Z,2019-06-30T11:48:30.527Z,174.2961578,-41.73962402,1.860144773,8.419829369,M,,LOCSAT,confirmed,manual,iasp91,26,22,9,0.0623262,142.5964127,0.434297548,0
2019p487538,earthquake,2019-06-30T09:20:39.700Z,2019-06-30T09:25:52.684Z,174.5746613,-41.03656387,1.54326873,24.6586628,M,,LOCSAT,confirmed,manual,iasp91,27,14,9,0.284518808,120.2910995,0.472029022,0
2019p487360,earthquake,2019-06-30T07:45:33.775Z,2019-06-30T07:48:02.900Z,174.1132202,-41.69146729,2.174751966,9.567229271,M,,LOCSAT,confirmed,manual,iasp91,17,11,12,0.094754897,82.98321533,0.537393649,0
2019p487075,earthquake,2019-06-30T05:13:58.307Z,2019-06-30T05:17:16.264Z,176.5809631,-40.6516037,2.003781713,13.75919247,M,,LOCSAT,confirmed,manual,iasp91,22,13,10,0.207952663,221.8835244,0.5218774,0
2019p486947,earthquake,2019-06-30T04:05:45.351Z,2019-06-30T04:12:48.867Z,174.2726898,-41.73933411,2.136423676,12,M,operator assigned,LOCSAT,confirmed,manual,iasp91,40,26,17,0.04510339,141.3707047,0.627168534,0
2019p486882,earthquake,2019-06-30T03:30:53.736Z,2019-06-30T03:33:08.118Z,175.3287811,-39.94374847,1.919283998,18.84947586,M,,LOCSAT,confirmed,manual,iasp91,21,14,6,0.324805051,140.3016968,0.345839396,0
2019p486593,earthquake,2019-06-30T00:56:48.312Z,2019-06-30T01:01:47.234Z,174.9121704,-40.7368927,1.407068947,30.68128014,M,,LOCSAT,confirmed,manual,iasp91,18,12,7,0.123874791,176.8972931,0.317133923,0
2019p486420,earthquake,2019-06-29T23:24:34.754Z,2019-06-29T23:34:25.106Z,173.9277496,-41.56295776,1.689872005,25.75762558,M,,LOCSAT,confirmed,manual,iasp91,18,15,5,0.12447539,56.42726135,0.418080121,0
2019p486260,earthquake,2019-06-29T21:59:34.195Z,2019-06-29T22:04:16.195Z,175.8677216,-40.599617,1.251604532,29.19163895,M,,LOCSAT,confirmed,manual,iasp91,19,13,9,0.090566538,85.40493774,0.380199951,0
2019p486191,earthquake,2019-06-29T21:23:03.345Z,2019-06-29T21:25:25.140Z,175.7024536,-40.88870239,2.766281863,21.2624836,M,,LOCSAT,confirmed,manual,iasp91,17,10,24,0.142301723,57.59024048,0.250360275,0
2019p486064,earthquake,2019-06-29T20:15:17.483Z,2019-06-29T20:32:42.130Z,174.8230286,-42.33530426,1.983589866,33,M,operator assigned,LOCSAT,confirmed,manual,iasp91,20,16,3,0.7410537,196.861433,0.580543486,0
2019p485929,earthquake,2019-06-29T19:03:27.077Z,2019-06-29T19:06:44.632Z,175.2082214,-41.52270126,2.517664465,22.12401009,M,,LOCSAT,confirmed,manual,iasp91,28,19,14,0.05812284,90.75950623,0.42797255,0
2019p485312,earthquake,2019-06-29T13:34:15.754Z,2019-06-29T13:41:33.662Z,173.3338013,-41.37184525,2.304470039,64.70937347,M,,LOCSAT,confirmed,manual,iasp91,29,20,14,0.15838936,52.49253368,0.406519546,0
2019p484892,earthquake,2019-06-29T09:50:47.086Z,2019-06-29T09:52:30.646Z,174.5332031,-41.05377197,2.622378512,26.44378853,M,,LOCSAT,confirmed,manual,iasp91,23,13,15,0.249256313,117.7529564,0.374674297,0
2019p484782,earthquake,2019-06-29T08:52:18.096Z,2019-06-29T08:57:10.411Z,175.2623444,-40.46179581,1.698827529,5,M,operator assigned,LOCSAT,confirmed,manual,iasp91,17,13,7,0.312158376,188.2741165,0.382879402,0
2019p484551,earthquake,2019-06-29T06:49:07.778Z,2019-06-29T06:53:52.813Z,176.2600403,-40.30001068,2.359395231,20.47502327,M,,LOCSAT,confirmed,manual,iasp91,24,12,9,0.071465351,47.34542847,0.507294246,0
2019p484450,earthquake,2019-06-29T05:55:14.333Z,2019-06-29T05:58:59.537Z,174.9228668,-40.13512421,2.011441446,12,M,operator assigned,LOCSAT,confirmed,manual,iasp91,31,18,13,0.383062929,115.4833221,0.609261218,0
2019p484344,earthquake,2019-06-29T04:58:34.013Z,2019-06-29T05:00:50.403Z,176.3168335,-40.35651016,1.936118015,22.76932716,M,,LOCSAT,confirmed,manual,iasp91,21,13,7,0.128474027,60.72931671,0.247563094,0
2019p484050,earthquake,2019-06-29T02:21:54.567Z,2019-06-29T02:24:25.776Z,176.3507538,-40.29406357,2.237876542,39.88231277,M,,LOCSAT,confirmed,manual,iasp91,20,13,22,0.140922442,75.02340698,0.3791892,0
2019p483866,earthquake,2019-06-29T00:44:18.563Z,2019-06-29T00:46:50.371Z,174.2687225,-41.6876297,1.806142893,14.08157444,M,,LOCSAT,confirmed,manual,iasp91,19,12,6,0.073835045,132.5769424,0.497358045,0
2019p483226,earthquake,2019-06-28T19:03:10.700Z,2019-06-28T19:07:55.216Z,175.31427,-41.24222183,1.557172636,19.61780739,M,,LOCSAT,confirmed,manual,iasp91,23,14,8,0.163032085,47.73672485,0.301334056,0
2019p483135,earthquake,2019-06-28T18:14:42.394Z,2019-06-28T18:20:53.572Z,174.1422424,-41.70296478,2.43471106,9.13104248,M,,LOCSAT,confirmed,manual,iasp91,17,13,19,0.070627443,74.71981812,0.411289944,0
2019p482804,earthquake,2019-06-28T15:18:40.975Z,2019-06-28T15:42:15.331Z,175.871994,-40.59790802,1.420783187,25.79014015,M,,LOCSAT,confirmed,manual,iasp91,18,11,8,0.086894855,84.65019226,0.463340156,0
2019p482765,earthquake,2019-06-28T14:57:33.221Z,2019-06-28T15:02:38.206Z,175.9325409,-40.24800491,1.612967478,20.51861191,M,,LOCSAT,confirmed,manual,iasp91,21,12,14,0.186152414,145.4334888,0.370429953,0
2019p482191,earthquake,2019-06-28T09:51:53.607Z,2019-06-28T09:57:16.228Z,175.0050812,-42.38024139,2.274167875,5,M,operator assigned,LOCSAT,confirmed,manual,iasp91,17,12,3,0.831586599,229.6881561,0.716902575,0
2019p482130,earthquake,2019-06-28T09:19:03.518Z,2019-06-28T09:21:34.108Z,176.0027008,-40.72333908,1.475674726,23.7907486,M,,LOCSAT,confirmed,manual,iasp91,18,9,5,0.103336141,115.6727524,0.404607661,0
2019p482128,earthquake,2019-06-28T09:18:03.462Z,2019-06-28T09:23:11.281Z,174.8286743,-40.1515274,1.725359729,12,M,operator assigned,LOCSAT,confirmed,manual,iasp91,23,18,7,0.414337874,96.9672699,0.587131968,0
2019p482023,earthquake,2019-06-28T08:22:04.599Z,2019-06-28T08:25:49.618Z,176.2728119,-40.42567444,1.371014566,19.06299591,M,,LOCSAT,confirmed,manual,iasp91,21,13,8,0.150439039,124.3167114,0.255343228,0
2019p481917,earthquake,2019-06-28T07:25:53.680Z,2019-06-28T07:29:36.233Z,174.1423187,-41.69689178,1.353296367,10.0599966,M,,LOCSAT,confirmed,manual,iasp91,21,16,5,0.074683741,77.57580566,0.470830847,0
2019p481829,earthquake,2019-06-28T06:39:00.030Z,2019-06-28T06:40:50.730Z,176.1432648,-40.75924301,1.542233871,23.29001808,M,,LOCSAT,confirmed,manual,iasp91,18,10,7,0.111577682,119.0385818,0.268895732,0
2019p481286,earthquake,2019-06-28T01:49:30.072Z,2019-06-28T01:51:45.991Z,174.5730743,-40.98692322,1.96173891,42.73146057,M,,LOCSAT,confirmed,manual,iasp91,19,10,6,0.284486949,133.5114784,0.35914633,0
2019p481016,earthquake,2019-06-27T23:25:43.121Z,2019-06-27T23:28:33.578Z,174.1421051,-41.70226288,1.776580548,7.737752914,M,,LOCSAT,confirmed,manual,iasp91,32,19,10,0.071164109,53.87188721,0.506382152,0
2019p480906,earthquake,2019-06-27T22:26:57.999Z,2019-06-27T22:29:37.050Z,175.2159729,-39.62065125,1.222817519,61.40195084,M,,LOCSAT,confirmed,manual,iasp91,22,15,7,0.222548187,144.0457211,0.195556889,0
2019p480741,earthquake,2019-06-27T20:59:04.639Z,2019-06-27T21:03:04.700Z,174.131073,-41.7013092,2.00512175,9.911571503,M,,LOCSAT,confirmed,manual,iasp91,21,11,6,0.05014782,76.0930481,0.549098374,0
2019p480609,earthquake,2019-06-27T19:49:00.464Z,2019-06-27T19:53:17.245Z,174.155426,-41.70316696,1.693168303,7.404608727,M,,LOCSAT,confirmed,manual,iasp91,21,16,6,0.063320905,55.22743225,0.454189543,0
2019p480523,earthquake,2019-06-27T19:03:00.085Z,2019-06-27T19:10:09.034Z,174.1324005,-41.70804596,4.244939908,11.66279984,M,,LOCSAT,confirmed,manual,iasp91,31,22,57,0.055069465,53.92029572,0.517047776,0
2019p480429,earthquake,2019-06-27T18:13:01.552Z,2019-06-27T18:18:39.399Z,174.875412,-41.25017166,1.316479349,21.46015739,M,,LOCSAT,confirmed,manual,iasp91,19,12,6,0.087628275,108.9592285,0.397433656,0
2019p480272,earthquake,2019-06-27T16:49:01.418Z,2019-06-27T17:04:54.614Z,174.1946411,-41.02312469,2.113945859,34.12122345,M,,LOCSAT,confirmed,manual,iasp91,28,20,13,0.196983501,114.5942612,0.509266316,0
2019p480191,earthquake,2019-06-27T16:06:08.706Z,2019-06-27T16:11:45.581Z,175.5114746,-40.80636215,1.179988007,20.37886238,M,,LOCSAT,confirmed,manual,iasp91,18,11,8,0.090920344,111.6923122,0.32534541,0
2019p480174,earthquake,2019-06-27T15:57:08.295Z,2019-06-27T16:12:05.331Z,173.216568,-41.80237961,1.937290761,61.67923737,M,,LOCSAT,confirmed,manual,iasp91,19,14,5,0.236251757,78.56993103,0.371559697,0
2019p479959,earthquake,2019-06-27T14:02:11.213Z,2019-06-27T14:47:19.802Z,176.2906647,-40.40568924,1.649185397,21.80466652,M,,LOCSAT,confirmed,manual,iasp91,26,15,12,0.142742395,75.98846436,0.222906604,0
2019p479829,earthquake,2019-06-27T12:53:02.930Z,2019-06-27T12:58:18.086Z,175.6902313,-40.73406982,2.155180285,16.32368279,M,,LOCSAT,confirmed,manual,iasp91,19,11,21,0.112288944,59.03694916,0.376852989,0
2019p479814,earthquake,2019-06-27T12:45:08.111Z,2019-06-27T12:52:51.290Z,174.1217041,-41.69765091,2.143958477,15.25409126,M,,LOCSAT,confirmed,manual,iasp91,24,17,12,0.042323269,53.60533142,0.455156036,0
2019p479630,earthquake,2019-06-27T11:06:52.728Z,2019-06-27T11:18:35.123Z,175.8493958,-40.65848923,0.763622946,28.22754669,M,,LOCSAT,confirmed,manual,iasp91,17,11,3,0.108469926,77.52444458,0.429398678,0
2019p479474,earthquake,2019-06-27T09:43:55.928Z,2019-06-27T09:46:35.134Z,173.7063141,-41.97075272,2.703616494,5,M,operator assigned,LOCSAT,confirmed,manual,iasp91,23,15,20,0.285272479,124.15168,0.550473081,0
2019p479431,earthquake,2019-06-27T09:21:10.613Z,2019-06-27T09:24:20.706Z,174.8621521,-40.58398438,1.490925452,21.79086113,M,,LOCSAT,confirmed,manual,iasp91,17,12,4,0.27896452,80.1153717,0.351694155,0
2019p479414,earthquake,2019-06-27T09:12:03.648Z,2019-06-27T09:17:52.566Z,175.0345154,-41.28802109,1.175108742,17.54085922,M,,LOCSAT,confirmed,manual,iasp91,30,21,6,0.104517192,121.4995728,0.200625491,0
2019p479221,earthquake,2019-06-27T07:29:10.783Z,2019-06-27T07:32:43.811Z,174.1941681,-41.70697403,1.341156063,4.886310577,M,,LOCSAT,confirmed,manual,iasp91,18,13,5,0.044510048,99.43691254,0.305153771,0
2019p479061,earthquake,2019-06-27T06:04:02.539Z,2019-06-27T06:10:06.761Z,174.9743652,-41.25725555,1.443949383,20.67564964,M,,LOCSAT,confirmed,manual,iasp91,20,13,6,0.053081345,61.23529053,0.313519562,0
2019p478878,earthquake,2019-06-27T04:26:42.271Z,2019-06-27T04:31:44.640Z,175.3893433,-40.68694305,0.990344443,21.70635796,M,,LOCSAT,confirmed,manual,iasp91,13,7,4,0.146284074,195.3348007,0.23579837,0
2019p478623,earthquake,2019-06-27T02:11:15.176Z,2019-07-26T01:41:11.020Z,174.6383057,-41.16489792,2.736613203,23.45027351,M,,LOCSAT,confirmed,manual,iasp91,42,23,10,0.075834274,90.61966324,0.605621372,0
2019p478615,earthquake,2019-06-27T02:06:32.250Z,2019-06-27T02:09:11.083Z,176.350296,-40.30681992,2.887059026,21.96790314,M,,LOCSAT,confirmed,manual,iasp91,17,11,7,0.14070265,68.49442291,0.210770474,0
2019p478439,earthquake,2019-06-27T00:32:24.090Z,2019-07-26T01:32:50.461Z,174.2714691,-40.79806137,2.721772769,34.56708908,M,,LOCSAT,confirmed,manual,iasp91,26,16,28,0.265597254,144.602211,0.424932973,0
2019p477872,earthquake,2019-06-26T19:30:38.548Z,2019-06-26T19:35:07.173Z,173.466507,-41.52936172,1.924583027,37.40031052,M,,LOCSAT,confirmed,manual,iasp91,18,10,6,0.318790495,64.30767822,0.23834475,0
2019p477548,earthquake,2019-06-26T16:37:43.416Z,2019-06-26T16:39:30.325Z,176.116806,-40.33082199,1.91947391,21.813694,M,,LOCSAT,confirmed,manual,iasp91,19,10,8,0.049695723,79.24130249,0.243116185,0
2019p477278,earthquake,2019-06-26T14:14:12.801Z,2019-06-26T14:19:17.536Z,174.1555481,-41.80591202,2.1883724,7.87658596,M,,LOCSAT,confirmed,manual,iasp91,23,17,8,0.024996215,136.4550323,0.353361044,0
2019p477225,earthquake,2019-06-26T13:45:47.053Z,2019-06-26T13:51:13.919Z,174.0130157,-41.7946701,2.140429709,11.3308897,M,,LOCSAT,confirmed,manual,iasp91,27,16,7,0.099294603,100.1732559,0.372217788,0
2019p476987,earthquake,2019-06-26T11:40:30.700Z,2019-06-26T11:45:38.577Z,175.9596863,-40.58614349,1.222708565,5.893287659,M,,LOCSAT,confirmed,manual,iasp91,19,11,6,0.032570202,67.45832825,0.437022748,0
2019p476847,earthquake,2019-06-26T10:24:23.557Z,2019-06-26T10:33:11.956Z,174.0045166,-41.12671661,1.499359276,34.00806808,M,,LOCSAT,confirmed,manual,iasp91,19,10,5,0.22156769,80.07662964,0.509899066,0
2019p476833,earthquake,2019-06-26T10:16:54.668Z,2019-06-26T10:39:48.236Z,175.1722412,-41.14186859,1.721993109,7.933841228,M,,LOCSAT,confirmed,manual,iasp91,29,17,7,0.087116167,71.67471313,0.3622663,0
2019p476643,earthquake,2019-06-26T08:35:43.054Z,2019-06-26T08:42:53.926Z,174.4751587,-40.29164886,1.942564284,35.50780487,M,,LOCSAT,confirmed,manual,iasp91,19,15,6,0.65795368,103.4832916,0.435096939,0
2019p476512,earthquake,2019-06-26T07:25:36.748Z,2019-06-26T07:37:02.225Z,175.5322418,-40.31418991,1.679156237,24.6414547,M,,LOCSAT,confirmed,manual,iasp91,17,13,12,0.196101248,102.1558838,0.295278314,0
2019p476406,earthquake,2019-06-26T06:29:31.297Z,2019-06-26T07:06:24.914Z,176.39328,-40.27794647,1.684753859,22.09877586,M,,LOCSAT,confirmed,manual,iasp91,20,12,10,0.168862507,62.72212219,0.200240619,0
2019p476399,earthquake,2019-06-26T06:25:37.306Z,2019-06-26T06:55:18.185Z,173.6931763,-41.16689682,1.623847674,67.19648743,M,,LOCSAT,confirmed,manual,iasp91,16,10,6,0.125885338,94.66133881,0.424506996,0
2019p476232,earthquake,2019-06-26T04:56:29.315Z,2019-06-26T05:29:53.737Z,174.7131042,-41.39919281,1.628391458,11.71845722,M,,LOCSAT,confirmed,manual,iasp91,23,15,9,0.119204179,130.238533,0.455591409,0
2019p475772,earthquake,2019-06-26T00:51:37.098Z,2019-06-26T00:57:21.321Z,175.211731,-41.16708755,1.285899318,17.95302391,M,,LOCSAT,confirmed,manual,iasp91,21,13,7,0.12499769,75.44163513,0.396222805,0
2019p475523,earthquake,2019-06-25T22:38:50.254Z,2019-06-25T22:44:21.836Z,175.4350891,-40.66721725,2.168901555,19.55426979,M,,LOCSAT,confirmed,manual,iasp91,26,19,14,0.109313048,95.19999695,0.522148462,0
2019p475479,earthquake,2019-06-25T22:15:41.471Z,2019-06-25T22:25:41.106Z,174.378067,-40.43479156,1.799944844,47.18099976,M,,LOCSAT,confirmed,manual,iasp91,13,8,6,0.505037427,109.8312349,0.50536804,0
2019p475343,earthquake,2019-06-25T21:03:13.466Z,2019-06-25T21:11:56.609Z,175.7244415,-40.26150131,1.657791104,20.2395134,M,,LOCSAT,confirmed,manual,iasp91,29,21,7,0.134266883,85.72825623,0.333708483,0
2019p475080,earthquake,2019-06-25T18:43:05.858Z,2019-06-25T18:47:25.819Z,175.5887604,-40.95571518,1.621326236,20.88324738,M,,LOCSAT,confirmed,manual,iasp91,21,13,7,0.080734357,72.4330368,0.405294789,0
2019p474852,earthquake,2019-06-25T16:41:11.211Z,2019-07-24T22:28:39.688Z,174.969223,-40.1248436,2.679474834,14.3261261,M,,LOCSAT,confirmed,manual,iasp91,46,27,17,0.27704972,80.40632629,0.821896116,0
2019p474748,earthquake,2019-06-25T15:45:52.277Z,2019-06-25T15:47:48.850Z,176.2910004,-40.40709305,2.14700146,20.76258278,M,,LOCSAT,confirmed,manual,iasp91,21,12,9,0.143962354,76.5421524,0.262529884,0
2019p474733,earthquake,2019-06-25T15:38:50.445Z,2019-06-25T15:49:19.759Z,175.8877563,-40.61164856,0.85116142,27.1972847,M,,LOCSAT,confirmed,manual,iasp91,13,7,4,0.085184045,79.21478271,0.551156495,0
2019p474483,earthquake,2019-06-25T13:24:43.787Z,2019-06-25T13:33:39.035Z,174.9879913,-40.10915756,2.143054133,19.85574913,M,,LOCSAT,confirmed,manual,iasp91,28,21,12,0.268564493,68.6627655,0.364133977,0
2019p474439,earthquake,2019-06-25T13:01:35.223Z,2019-06-25T13:17:07.557Z,174.2603455,-41.71492004,2.036716265,12.71076584,M,,LOCSAT,confirmed,manual,iasp91,15,9,8,0.048716489,139.7418671,0.39584445,0
2019p474379,earthquake,2019-06-25T12:29:20.135Z,2019-06-25T12:31:23.102Z,176.2997894,-40.34557343,1.436848891,26.67267036,M,,LOCSAT,confirmed,manual,iasp91,17,10,7,0.112005636,57.52597046,0.217906337,0
2019p474165,earthquake,2019-06-25T10:35:25.227Z,2019-06-25T10:40:24.673Z,174.63414,-41.31337357,2.194436894,29.63249969,M,,LOCSAT,confirmed,manual,iasp91,22,15,10,0.099815078,115.6731491,0.515347833,0
2019p473767,earthquake,2019-06-25T07:03:46.815Z,2019-06-25T07:16:01.245Z,174.9445343,-40.14267349,1.839220795,12,M,operator assigned,LOCSAT,confirmed,manual,iasp91,15,10,5,0.388841301,135.1452041,0.498233618,0
2019p473565,earthquake,2019-06-25T05:15:38.785Z,2019-06-25T05:23:29.604Z,174.9429474,-40.14762497,2.207562087,12,M,operator assigned,LOCSAT,confirmed,manual,iasp91,17,11,16,0.393870413,98.91862488,0.48457,0
2019p473439,earthquake,2019-06-25T04:08:39.912Z,2019-06-25T04:26:08.979Z,174.9565887,-40.12082291,1.95948704,19.77618217,M,,LOCSAT,confirmed,manual,iasp91,14,9,6,0.366412997,134.5645635,0.635589407,0
2019p473393,earthquake,2019-06-25T03:44:01.617Z,2019-06-25T04:04:13.058Z,174.1010437,-41.71844482,2.49006487,10.74175549,M,,LOCSAT,confirmed,manual,iasp91,19,14,6,0.049660243,60.32879639,0.381029773,0
2019p473368,earthquake,2019-06-25T03:30:36.083Z,2019-07-23T21:25:46.588Z,174.9547577,-40.13716888,2.631936274,17.15080261,M,,LOCSAT,confirmed,manual,iasp91,29,20,15,0.284441978,92.48851013,0.587847241,0
2019p472925,earthquake,2019-06-24T23:34:28.936Z,2019-06-24T23:38:37.163Z,174.5448151,-41.53966522,1.807454866,5,M,operator assigned,LOCSAT,confirmed,manual,iasp91,13,11,7,0.324498802,136.3508606,0.604469806,0
2019p472364,earthquake,2019-06-24T18:35:53.342Z,2019-06-24T19:40:45.324Z,174.9529419,-40.15040207,2.020845208,15.05446434,M,,LOCSAT,confirmed,manual,iasp91,15,12,6,0.396074653,98.16111755,0.488877104,0
2019p471818,earthquake,2019-06-24T13:45:07.192Z,2019-06-24T13:48:14.969Z,175.3542023,-39.935112,1.777926786,14.08358955,M,,LOCSAT,confirmed,manual,iasp91,24,13,3,0.235451013,83.93406677,0.332562745,0
2019p471625,earthquake,2019-06-24T12:02:22.484Z,2019-06-24T12:05:22.505Z,176.5702972,-40.29584885,1.767441374,13.97871494,M,,LOCSAT,confirmed,manual,iasp91,15,10,7,0.032336369,102.6033554,0.475582462,0
2019p471550,earthquake,2019-06-24T11:22:03.412Z,2019-06-24T11:24:11.263Z,174.2716064,-41.7432251,2.088124553,8.344592094,M,,LOCSAT,confirmed,manual,iasp91,21,15,3,0.043627061,160.7140694,0.623141111,0
2019p471266,earthquake,2019-06-24T08:50:55.740Z,2019-06-24T08:54:31.138Z,175.3719177,-40.98255157,1.885716601,5,M,operator assigned,LOCSAT,confirmed,manual,iasp91,22,14,12,0.137886912,68.804636,0.186947589,0
2019p470342,earthquake,2019-06-24T00:38:29.297Z,2019-06-24T00:43:15.023Z,175.8568268,-40.59924698,1.038825577,27.8261795,M,,LOCSAT,confirmed,manual,iasp91,15,8,3,0.097692713,88.08831787,0.545697699,0
2019p470227,earthquake,2019-06-23T23:37:01.878Z,2019-06-23T23:58:15.727Z,175.8570099,-40.5607605,2.109547955,22.87444878,M,,LOCSAT,confirmed,manual,iasp91,21,13,11,0.087066323,93.33491516,0.518545582,0
2019p470070,earthquake,2019-06-23T22:13:24.064Z,2019-06-23T22:18:24.524Z,176.3582458,-40.39825058,1.885623339,18.97999954,M,,LOCSAT,confirmed,manual,iasp91,18,10,8,0.108274899,72.25409698,0.33516242,0
2019p470006,earthquake,2019-06-23T21:39:13.994Z,2019-06-23T22:13:59.965Z,174.8149719,-40.40916443,1.744878523,54.87789917,M,,LOCSAT,confirmed,manual,iasp91,22,17,4,0.456969082,102.2203674,0.368960367,0
2019p469505,earthquake,2019-06-23T17:12:17.410Z,2019-06-23T17:20:06.246Z,174.2447968,-41.79026794,1.766985244,9.639385223,M,,LOCSAT,confirmed,manual,iasp91,21,16,6,0.047286239,155.869751,0.425972526,0
2019p469287,earthquake,2019-06-23T15:16:24.573Z,2019-06-23T15:23:13.823Z,173.7510986,-42.04906082,1.96071339,4.756690979,M,,LOCSAT,confirmed,manual,iasp91,20,14,4,0.195383698,126.1721115,0.310436813,0
2019p469033,earthquake,2019-06-23T13:00:52.199Z,2019-06-23T13:05:41.635Z,176.6985626,-40.28518295,1.530305877,11.68072224,M,,LOCSAT,confirmed,manual,iasp91,17,11,5,0.052008547,194.7566185,0.492381534,0
2019p468941,earthquake,2019-06-23T12:11:52.253Z,2019-06-23T12:16:11.241Z,175.8150177,-40.41387939,1.312202635,26.34976387,M,,LOCSAT,confirmed,manual,iasp91,17,10,7,0.042186361,85.5244751,0.488533705,0
2019p468906,earthquake,2019-06-23T11:53:15.923Z,2019-06-23T11:56:39.374Z,174.697998,-40.51671982,1.981979205,12,M,operator assigned,LOCSAT,confirmed,manual,iasp91,19,14,7,0.379636139,117.5379601,0.434801413,0
2019p468683,earthquake,2019-06-23T09:54:26.341Z,2019-06-23T09:58:52.237Z,175.8467255,-40.63898849,1.004260791,21.14897156,M,,LOCSAT,confirmed,manual,iasp91,17,9,3,0.126669869,82.4263916,0.402729013,0
2019p468539,earthquake,2019-06-23T08:38:05.720Z,2019-06-23T08:42:40.078Z,173.1791382,-41.70294952,2.258819312,40.85578537,M,,LOCSAT,confirmed,manual,iasp91,18,12,9,0.213479236,94.22187805,0.29767261,0
2019p468449,earthquake,2019-06-23T07:49:48.728Z,2019-06-23T07:59:32.080Z,175.4267426,-40.71434784,1.301227301,16.86309624,M,,LOCSAT,confirmed,manual,iasp91,12,7,5,0.127319157,182.8570557,0.756176948,0
2019p468229,earthquake,2019-06-23T05:52:39.623Z,2019-06-23T05:58:45.251Z,174.2219086,-41.69269943,1.551601027,5.403539658,M,,LOCSAT,confirmed,manual,iasp91,20,14,6,0.05659667,115.5309982,0.367888004,0
2019p468208,earthquake,2019-06-23T05:41:22.788Z,2019-06-23T05:45:10.871Z,175.8926697,-40.53769302,1.93575466,21.99841309,M,,LOCSAT,confirmed,manual,iasp91,22,11,6,0.062067777,84.10258484,0.632576746,0
2019p467999,earthquake,2019-06-23T03:50:17.875Z,2019-06-23T03:54:22.326Z,174.5588531,-41.2881279,2.129025976,19.95417786,M,,LOCSAT,confirmed,manual,iasp91,26,18,7,0.122017078,111.5999832,0.525568345,0
2019p467929,earthquake,2019-06-23T03:13:12.195Z,2019-06-23T03:24:50.217Z,175.8916321,-40.53508377,1.316733155,22.84945297,M,,LOCSAT,confirmed,manual,iasp91,24,13,7,0.063584186,84.41737366,0.643664083,0
2019p467880,earthquake,2019-06-23T02:46:49.252Z,2019-06-23T02:55:48.522Z,174.886261,-40.17099762,1.972884558,12,M,operator assigned,LOCSAT,confirmed,manual,iasp91,21,14,9,0.422794938,96.51304626,0.520288884,0
2019p467864,earthquake,2019-06-23T02:38:04.123Z,2019-06-23T02:44:32.028Z,175.5214386,-41.22901154,1.329957298,15.21486187,M,,LOCSAT,confirmed,manual,iasp91,19,10,4,0.072587393,80.70951843,0.221109725,0
2019p467655,earthquake,2019-06-23T00:46:45.178Z,2019-06-23T00:53:43.716Z,176.4615631,-40.51485062,2.022515674,21.43440628,M,,LOCSAT,confirmed,manual,iasp91,19,11,7,0.056000963,196.6446457,0.299344083,0
2019p467653,earthquake,2019-06-23T00:45:53.958Z,2019-06-23T01:43:18.367Z,176.4767914,-40.51766205,1.765690936,21.04985237,M,,LOCSAT,confirmed,manual,iasp91,21,15,7,0.057871506,195.9131355,0.35114944,0
2019p467357,earthquake,2019-06-22T22:07:57.247Z,2019-06-22T22:21:25.982Z,175.0494537,-41.1639328,1.376642322,5.23914814,M,,LOCSAT,confirmed,manual,iasp91,21,14,4,0.037636146,81.99716187,0.145535018,0
2019p467304,earthquake,2019-06-22T21:39:53.650Z,2019-06-22T21:50:40.488Z,174.5793762,-41.27252197,2.5190384,21.71091461,M,,LOCSAT,confirmed,manual,iasp91,25,17,14,0.100919426,88.9102478,0.460197487,0
2019p467195,earthquake,2019-06-22T20:41:42.265Z,2019-06-22T20:48:32.262Z,175.8164673,-40.15044022,3.918217542,40.82603836,M,,LOCSAT,confirmed,manual,iasp91,23,14,75,0.143991157,62.12762451,0.329864138,0
2019p467141,earthquake,2019-06-22T20:13:08.166Z,2019-06-22T20:21:35.905Z,175.2644196,-41.27157211,1.148889011,19.08551407,M,,LOCSAT,confirmed,manual,iasp91,17,10,6,0.144573033,94.5395813,0.261337516,0
2019p467130,earthquake,2019-06-22T20:08:04.566Z,2019-06-22T20:16:22.134Z,175.3301239,-39.94178772,2.567523731,13.81531811,M,,LOCSAT,confirmed,manual,iasp91,32,25,31,0.263756484,74.10897827,0.474294802,0
2019p466990,earthquake,2019-06-22T18:52:25.696Z,2019-06-22T19:04:37.273Z,175.9661407,-40.43304443,1.956166589,26.59689713,M,,LOCSAT,confirmed,manual,iasp91,17,10,14,0.119949624,52.89675903,0.351685051,0
2019p466986,earthquake,2019-06-22T18:50:31.326Z,2019-06-22T18:59:40.209Z,174.7743835,-40.18439865,2.17010489,12,M,operator assigned,LOCSAT,confirmed,manual,iasp91,23,18,7,0.414716065,81.20207214,0.605666724,0
2019p466878,earthquake,2019-06-22T17:52:42.192Z,2019-06-22T17:54:25.912Z,175.2340546,-41.22267151,1.671445806,17.86409187,M,,LOCSAT,confirmed,manual,iasp91,21,11,6,0.193339363,82.51808167,0.195886588,0
2019p466790,earthquake,2019-06-22T17:05:56.274Z,2019-06-22T17:07:15.134Z,175.0812988,-41.07787323,1.691158481,15.92710114,M,,LOCSAT,confirmed,manual,iasp91,16,10,6,0.252735108,71.55685425,0.191904355,0
2019p466511,earthquake,2019-06-22T14:37:31.321Z,2019-06-22T14:40:02.905Z,175.6156616,-40.98106384,2.122168611,19.67131805,M,,LOCSAT,confirmed,manual,iasp91,21,12,15,0.113148093,63.1712265,0.24596002,0
2019p466395,earthquake,2019-06-22T13:35:41.024Z,2019-06-22T13:39:40.523Z,175.8202057,-40.62850189,1.667724421,20.27349091,M,,LOCSAT,confirmed,manual,iasp91,33,17,11,0.136465862,90.38131714,0.482697108,0
2019p466246,earthquake,2019-06-22T12:15:52.423Z,2019-06-22T12:17:56.552Z,176.3268738,-40.38579941,1.305563834,20.25223541,M,,LOCSAT,confirmed,manual,iasp91,25,13,8,0.135102183,67.08932495,0.407843202,0
2019p465260,earthquake,2019-06-22T03:30:58.726Z,2019-06-22T03:32:37.257Z,174.0051575,-41.88825226,1.38788378,9.702581406,M,,LOCSAT,confirmed,manual,iasp91,15,13,3,0.069676735,136.0951614,0.230715123,0
2019p465173,earthquake,2019-06-22T02:44:38.269Z,2019-06-22T02:46:37.178Z,175.085907,-41.34542847,1.25120297,26.54444313,M,,LOCSAT,confirmed,manual,iasp91,23,13,6,0.141766101,98.24853516,0.356058403,0
2019p464866,earthquake,2019-06-22T00:01:32.527Z,2019-06-22T00:12:28.592Z,175.0139313,-41.09232712,1.131415638,27.62858582,M,,LOCSAT,confirmed,manual,iasp91,19,10,5,0.042369314,100.4606476,0.687197885,0
2019p464828,earthquake,2019-06-21T23:40:54.232Z,2019-06-21T23:46:14.776Z,175.2181244,-40.34096527,1.915149794,5,M,operator assigned,LOCSAT,confirmed,manual,iasp91,24,18,6,0.421233565,129.7616806,0.45037443,0
2019p464642,earthquake,2019-06-21T22:01:36.533Z,2019-06-21T22:10:10.505Z,175.5783234,-40.94833374,1.617718433,19.21148491,M,,LOCSAT,confirmed,manual,iasp91,23,14,9,0.217289537,67.13246017,0.240284294,0
2019p464491,earthquake,2019-06-21T20:41:03.621Z,2019-06-21T20:46:50.524Z,175.8221588,-41.0643425,1.658289052,21.29880524,M,,LOCSAT,confirmed,manual,iasp91,24,17,6,0.066699065,67.56271362,0.254010761,0
2019p464210,earthquake,2019-06-21T18:11:07.014Z,2019-06-21T18:17:38.924Z,176.2818146,-40.81473923,1.426140071,20.11599731,M,,LOCSAT,confirmed,manual,iasp91,22,13,7,0.095793061,186.2007847,0.375413996,0
2019p464086,earthquake,2019-06-21T17:05:19.403Z,2019-06-21T17:11:46.420Z,175.1068115,-41.12120438,1.182807307,5.008852005,M,,LOCSAT,confirmed,manual,iasp91,18,10,6,0.033564866,97.48121643,0.21277004,0
2019p464052,earthquake,2019-06-21T16:47:16.880Z,2019-06-21T16:49:37.980Z,174.0013123,-41.88773346,1.830462661,11.49560261,M,,LOCSAT,confirmed,manual,iasp91,22,12,6,0.069509193,128.6668015,0.461662281,0
2019p463704,earthquake,2019-06-21T13:41:45.367Z,2019-06-21T13:44:27.764Z,174.1901855,-41.77244949,1.793625321,9.779524803,M,,LOCSAT,confirmed,manual,iasp91,24,14,6,0.029342394,139.0928268,0.590265925,0
2019p463642,earthquake,2019-06-21T13:08:59.277Z,2019-06-21T13:11:51.763Z,175.4388733,-40.88789749,1.951304504,18.5201149,M,,LOCSAT,confirmed,manual,iasp91,36,18,11,0.058544815,95.91518021,0.451179864,0
2019p463562,earthquake,2019-06-21T12:26:09.855Z,2019-06-21T12:31:15.467Z,175.6509399,-40.75994492,1.260409991,11.76880455,M,,LOCSAT,confirmed,manual,iasp91,19,13,7,0.113536961,69.95797729,0.186047307,0
2019p463170,earthquake,2019-06-21T08:57:10.355Z,2019-06-21T08:59:02.216Z,176.4428864,-40.21730042,1.417625365,40.09542465,M,,LOCSAT,confirmed,manual,iasp91,24,13,6,0.152871594,65.73432159,0.415960499,0
2019p462930,earthquake,2019-06-21T06:49:32.467Z,2019-06-21T06:55:18.905Z,174.3625488,-41.61785126,1.579964209,10.22862053,M,,LOCSAT,confirmed,manual,iasp91,16,11,5,0.172009856,143.8707275,0.351041282,0
2019p462905,earthquake,2019-06-21T06:36:11.176Z,2019-06-21T06:40:09.136Z,174.6414948,-40.52990341,1.836954476,12,M,operator assigned,LOCSAT,confirmed,manual,iasp91,12,9,3,0.388477683,174.6390419,0.519324214,0
2019p462600,earthquake,2019-06-21T03:53:22.630Z,2019-06-21T03:56:55.401Z,176.2728119,-40.29812622,1.826723634,38.98425293,M,,LOCSAT,confirmed,manual,iasp91,19,14,10,0.081228383,76.74272919,0.467308771,0
2019p462133,earthquake,2019-06-20T23:45:00.704Z,2019-06-20T23:52:38.397Z,174.6858978,-41.04662704,1.700791814,19.39827347,M,,LOCSAT,confirmed,manual,iasp91,20,12,6,0.211771905,109.8331451,0.286400304,0
2019p461634,earthquake,2019-06-20T19:18:37.169Z,2019-06-20T19:21:50.752Z,175.5710907,-40.94713593,3.62345763,24.23646164,M,,LOCSAT,confirmed,manual,iasp91,27,18,50,0.05820274,45.46230316,0.514281227,0
2019p461229,earthquake,2019-06-20T15:43:00.833Z,2019-06-20T15:46:57.529Z,174.0934448,-41.7219162,2.386521304,6.455883503,M,,LOCSAT,confirmed,manual,iasp91,26,15,5,0.051193897,56.41833496,0.444307268,0
2019p461028,earthquake,2019-06-20T13:55:51.333Z,2019-06-20T14:03:48.434Z,175.8781891,-40.57897568,1.299411564,22.43190193,M,,LOCSAT,confirmed,manual,iasp91,22,12,3,0.074751556,85.5229187,0.597749859,0
2019p460998,earthquake,2019-06-20T13:40:10.487Z,2019-06-20T14:01:33.649Z,175.9289856,-40.51180649,1.232998164,18.9756813,M,,LOCSAT,confirmed,manual,iasp91,20,11,2,0.05349787,72.33163452,0.625837406,0
2019p460796,earthquake,2019-06-20T11:52:36.634Z,2019-06-20T11:54:38.951Z,175.472641,-40.64579773,2.619905223,22.7054348,M,,LOCSAT,confirmed,manual,iasp91,22,13,10,0.081892721,103.8142853,0.44737375,0
2019p460737,earthquake,2019-06-20T11:21:03.870Z,2019-06-20T11:25:08.201Z,175.5198822,-41.625103,2.567016573,14.96621037,M,,LOCSAT,confirmed,manual,iasp91,19,12,8,0.206532359,233.2164307,0.254306615,0
2019p460647,earthquake,2019-06-20T10:33:15.746Z,2019-06-20T10:41:21.552Z,176.1355438,-40.11271667,0.776338668,47.19796371,M,,LOCSAT,confirmed,manual,iasp91,11,6,5,0.144341573,81.98375988,0.222235456,0
2019p460304,earthquake,2019-06-20T07:30:26.256Z,2019-06-20T07:36:49.291Z,175.8259277,-40.58152771,0.966907096,21.52482414,M,,LOCSAT,confirmed,manual,iasp91,19,11,5,0.113722496,99.68312073,0.514663811,0
2019p460205,earthquake,2019-06-20T06:37:38.111Z,2019-06-20T06:39:53.882Z,174.1152039,-41.68597031,1.69921216,11.53707981,M,,LOCSAT,confirmed,manual,iasp91,23,12,6,0.097053252,57.72079468,0.430694428,0
2019p459976,earthquake,2019-06-20T04:35:44.459Z,2019-06-20T04:38:15.631Z,175.9229889,-40.49834442,1.581867593,21.24204063,M,,LOCSAT,confirmed,manual,iasp91,17,10,8,0.067151159,91.16493607,0.637536973,0
2019p459967,earthquake,2019-06-20T04:30:26.215Z,2019-06-20T04:34:01.080Z,176.5204773,-40.46437073,2.048119848,23.53202629,M,,LOCSAT,confirmed,manual,iasp91,21,13,6,0.034965668,177.2581081,0.519250495,0
2019p459480,earthquake,2019-06-20T00:11:25.633Z,2019-06-20T00:24:53.165Z,175.423996,-40.92187881,1.630194627,21.07831192,M,,LOCSAT,confirmed,manual,iasp91,23,14,8,0.073268294,85.68862152,0.357322361,0
2019p459351,earthquake,2019-06-19T23:02:39.377Z,2019-06-19T23:04:33.342Z,176.048584,-40.59846878,1.64164343,13.21844482,M,,LOCSAT,confirmed,manual,iasp91,18,12,8,0.073504396,51.49642944,0.550673431,0
2019p459270,earthquake,2019-06-19T22:19:26.082Z,2019-06-19T22:23:39.951Z,175.9390869,-40.24669266,1.72850778,20.32809639,M,,LOCSAT,confirmed,manual,iasp91,20,11,8,0.181712389,143.1141305,0.258702623,0
2019p459069,earthquake,2019-06-19T20:32:30.875Z,2019-06-19T20:40:57.393Z,175.0797729,-39.91466522,2.327509554,20.53438187,M,,LOCSAT,confirmed,manual,iasp91,23,18,21,0.175524563,122.9972839,0.410409714,0
2019p458942,earthquake,2019-06-19T19:25:18.918Z,2019-06-19T19:28:49.548Z,176.1392517,-40.37036133,1.547261928,42.69505692,M,,LOCSAT,confirmed,manual,iasp91,14,9,7,0.074422233,100.2473626,0.387716132,0
2019p458891,earthquake,2019-06-19T18:57:08.266Z,2019-06-19T18:59:54.083Z,173.6758881,-41.95928955,2.131914914,5,M,operator assigned,LOCSAT,confirmed,manual,iasp91,18,13,6,0.227911189,103.3263016,0.338177255,0
2019p458778,earthquake,2019-06-19T17:58:01.688Z,2019-06-19T18:46:56.923Z,175.5745392,-40.8225975,0.848041599,22.38183784,M,,LOCSAT,confirmed,manual,iasp91,10,6,3,0.087219395,90.10145044,0.248123307,0
2019p458683,earthquake,2019-06-19T17:06:34.002Z,2019-06-19T17:22:15.289Z,175.4755859,-40.6710968,1.493152111,21.68789291,M,,LOCSAT,confirmed,manual,iasp91,29,16,7,0.079007618,145.3728867,0.358465684,0
2019p458327,earthquake,2019-06-19T13:57:02.785Z,2019-06-19T13:59:55.441Z,174.3330841,-41.71655273,1.058767763,10.25330448,M,,LOCSAT,confirmed,manual,iasp91,17,11,1,0.094975926,151.784935,0.591867719,0
2019p458314,earthquake,2019-06-19T13:50:28.022Z,2019-06-19T13:54:52.893Z,175.0010071,-40.23304749,1.828305675,12,M,operator assigned,LOCSAT,confirmed,manual,iasp91,15,11,5,0.477980197,149.3751831,0.531482071,0
2019p458294,earthquake,2019-06-19T13:39:15.339Z,2019-06-19T13:45:37.057Z,175.9074554,-39.99832153,1.30224255,30.24575996,M,,LOCSAT,confirmed,manual,iasp91,19,13,7,0.072918504,106.2481155,0.442932577,0
2019p458206,earthquake,2019-06-19T12:52:09.814Z,2019-06-19T12:54:45.875Z,175.4436493,-40.95937347,1.590024567,16.93987465,M,,LOCSAT,confirmed,manual,iasp91,20,14,7,0.082291976,74.54036713,0.442492124,0
2019p458047,earthquake,2019-06-19T11:27:55.534Z,2019-06-19T11:35:59.840Z,175.6904755,-39.93470001,1.578997339,12,M,operator assigned,LOCSAT,confirmed,manual,iasp91,25,18,13,0.241928592,75.55726624,0.381306478,0
2019p457343,earthquake,2019-06-19T05:12:33.681Z,2019-06-19T05:15:48.947Z,174.1088715,-41.69742203,2.183343308,11.48503113,M,,LOCSAT,confirmed,manual,iasp91,25,14,8,0.034934767,63.98617554,0.602365724,0
2019p456849,earthquake,2019-06-19T00:49:22.339Z,2019-06-19T00:57:58.306Z,176.2167969,-40.19781113,1.745054121,42.37018204,M,,LOCSAT,confirmed,manual,iasp91,18,10,10,0.107995346,63.23135376,0.311791296,0
2019p456812,not locatable,2019-06-19T00:29:35.183Z,2019-06-19T00:49:40.073Z,176.3141894,-40.20519986,1.742315902,5.234375,M,,NonLinLoc,,automatic,nz3drx,15,15,7,0.150612501,89.56200022,1.374690412,0
2019p456304,earthquake,2019-06-18T20:00:16.233Z,2019-06-18T20:08:45.440Z,174.65979,-41.00967026,2.121411545,23.14337158,M,,LOCSAT,confirmed,manual,iasp91,22,12,8,0.172094673,121.8193474,0.477998157,0
2019p456259,earthquake,2019-06-18T19:35:17.255Z,2019-06-18T19:42:28.335Z,175.118454,-40.00948715,2.122123375,21.77825356,M,,LOCSAT,confirmed,manual,iasp91,29,19,8,0.27431196,109.3405609,0.379536478,0
2019p456256,earthquake,2019-06-18T19:33:15.710Z,2019-06-18T19:38:48.548Z,174.0121918,-41.89582443,1.45326846,6.999133587,M,,LOCSAT,confirmed,manual,iasp91,14,11,2,0.064077072,146.8966484,0.443647037,0
2019p456197,earthquake,2019-06-18T19:02:17.916Z,2019-06-18T19:10:35.252Z,174.5697632,-41.10067368,1.722824717,25.11140251,M,,LOCSAT,confirmed,manual,iasp91,20,12,7,0.158247531,106.0610657,0.294916572,0
2019p455984,earthquake,2019-06-18T17:08:23.966Z,2019-06-18T17:17:48.736Z,173.103653,-41.6517067,2.296155498,5,M,operator assigned,LOCSAT,confirmed,manual,iasp91,14,11,6,0.185277835,60.64911652,0.431689612,0
2019p455980,earthquake,2019-06-18T17:06:09.509Z,2019-06-18T17:14:55.072Z,173.6719818,-42.0327301,1.964163213,5,ML,operator assigned,LOCSAT,confirmed,manual,iasp91,18,13,5,0.243172333,122.7735138,0.341235683,0.394120437
2019p455946,earthquake,2019-06-18T16:48:25.290Z,2019-06-18T17:00:55.783Z,174.5467377,-41.07789612,2.026003032,23.83572769,M,,LOCSAT,confirmed,manual,iasp91,16,12,7,0.243362531,111.8306618,0.218925913,0
2019p455482,earthquake,2019-06-18T12:41:03.628Z,2019-06-18T12:56:57.580Z,175.6529083,-39.82501221,2.314435537,30.48169708,M,,LOCSAT,confirmed,manual,iasp91,18,12,27,0.332503587,64.59933472,0.343719264,0
2019p455443,earthquake,2019-06-18T12:20:20.181Z,2019-06-18T12:36:18.336Z,175.2232513,-39.7128067,1.893756896,54.43416214,M,,LOCSAT,confirmed,manual,iasp91,20,15,13,0.18801266,45.67340088,0.535566499,0
2019p455394,earthquake,2019-06-18T11:54:25.649Z,2019-06-18T13:08:36.921Z,175.5886688,-40.35947037,1.488653748,20.94872093,M,,LOCSAT,confirmed,manual,iasp91,17,12,2,0.140730187,152.8510356,0.316626406,0
2019p455350,earthquake,2019-06-18T11:30:46.948Z,2019-06-18T11:38:41.305Z,174.2024841,-41.69190979,1.254072515,7.711910248,M,,LOCSAT,confirmed,manual,iasp91,19,13,3,0.057688694,100.5403137,0.500599197,0
2019p454668,earthquake,2019-06-18T05:27:15.636Z,2019-06-18T05:32:30.263Z,174.8888702,-41.01451492,1.951475653,5,M,operator assigned,LOCSAT,confirmed,manual,iasp91,24,18,6,0.122482106,80.02912569,0.381776451,0
2019p454328,earthquake,2019-06-18T02:26:21.540Z,2019-06-18T09:44:26.033Z,173.9847565,-41.87323761,2.149670695,9.586058617,M,,LOCSAT,confirmed,manual,iasp91,19,13,7,0.082427263,134.6602249,0.438308131,0
2019p454309,earthquake,2019-06-18T02:16:14.434Z,2019-06-18T02:21:30.628Z,176.5415497,-40.30486679,1.691830189,15.88437653,M,,LOCSAT,confirmed,manual,iasp91,15,11,7,0.053756971,110.9730301,0.390291189,0
2019p454076,earthquake,2019-06-18T00:12:04.092Z,2019-06-18T00:16:59.470Z,175.5680847,-40.71952438,1.763135206,46.57610321,M,,LOCSAT,confirmed,manual,iasp91,27,17,8,0.059450507,83.2668457,0.730422196,0
2019p453734,earthquake,2019-06-17T21:09:36.614Z,2019-06-17T21:16:35.591Z,175.0712891,-41.36954498,1.642002292,19.5452652,M,,LOCSAT,confirmed,manual,iasp91,21,11,7,0.141812086,110.1407471,0.363936669,0
2019p453273,earthquake,2019-06-17T17:04:10.223Z,2019-06-17T17:18:45.462Z,174.8889618,-40.43538666,1.723667978,5,M,operator assigned,LOCSAT,confirmed,manual,iasp91,13,9,2,0.398542076,171.7128296,0.4476013,0
2019p453086,earthquake,2019-06-17T15:24:40.136Z,2019-06-17T15:35:26.337Z,176.0180054,-40.45629883,1.584499659,16.35134315,M,,LOCSAT,confirmed,manual,iasp91,20,12,7,0.1046267,65.1350708,0.397342126,0
2019p452451,not locatable,2019-06-17T09:46:06.739Z,2019-06-17T09:55:34.465Z,175.9963276,-40.43820989,1.76222038,5.46875,M,,NonLinLoc,,automatic,nz3drx,10,10,7,0.120432961,145.6367748,0.507521604,0
2019p452420,earthquake,2019-06-17T09:29:36.732Z,2019-06-17T09:35:12.678Z,175.0948944,-39.76386642,1.806773261,24.59592628,M,,LOCSAT,confirmed,manual,iasp91,16,11,7,0.084800899,84.19230652,0.396704227,0
2019p450960,earthquake,2019-06-16T20:31:54.307Z,2019-06-16T20:37:28.707Z,174.4115295,-40.20346832,2.370099142,12,M,operator assigned,LOCSAT,confirmed,manual,iasp91,21,11,6,0.628884316,114.8680115,0.648473792,0
2019p450883,earthquake,2019-06-16T19:50:29.336Z,2019-06-16T19:53:38.590Z,175.587204,-39.88171387,1.941023214,27.20637703,M,,LOCSAT,confirmed,manual,iasp91,35,21,11,0.337296814,86.42089844,0.508415433,0
2019p450515,earthquake,2019-06-16T16:34:53.836Z,2019-06-16T16:40:33.701Z,173.3891144,-41.47124863,1.798699933,69.18068695,M,,LOCSAT,confirmed,manual,iasp91,24,16,4,0.254027575,57.81503296,0.437236181,0
2019p450495,earthquake,2019-06-16T16:24:00.658Z,2019-06-16T16:27:50.900Z,174.2165985,-41.68218231,1.268715242,13.54447365,M,,LOCSAT,confirmed,manual,iasp91,22,14,3,0.066813029,110.3866501,0.48651856,0
2019p449595,earthquake,2019-06-16T08:24:35.527Z,2019-06-16T08:37:09.354Z,174.1624146,-41.69059372,1.834384164,10.58875751,M,,LOCSAT,confirmed,manual,iasp91,29,21,6,0.066942371,64.68731689,0.503490372,0
2019p448624,earthquake,2019-06-15T23:46:56.888Z,2019-06-15T23:52:47.973Z,173.7764435,-40.96551514,2.106405947,50.36702347,M,,LOCSAT,confirmed,manual,iasp91,21,13,4,0.197226197,115.9731827,0.421150812,0
2019p448334,earthquake,2019-06-15T21:12:59.478Z,2019-06-15T21:31:33.088Z,175.3043213,-41.252491,2.154208309,17.51936913,M,,LOCSAT,confirmed,manual,iasp91,26,16,11,0.158601984,50.17300415,0.265650941,0
2019p448314,earthquake,2019-06-15T21:01:48.569Z,2019-06-15T21:08:30.618Z,175.0101471,-41.39060211,1.352378954,16.68274307,M,,LOCSAT,confirmed,manual,iasp91,31,18,7,0.106073007,126.1699829,0.244386757,0
2019p448282,earthquake,2019-06-15T20:45:04.789Z,2019-06-15T21:05:09.087Z,175.8710327,-40.59560776,1.034037459,26.55405045,M,,LOCSAT,confirmed,manual,iasp91,18,10,3,0.086422376,85.207901,0.491565183,0
2019p448271,earthquake,2019-06-15T20:38:49.521Z,2019-06-15T20:43:20.849Z,174.4914703,-41.49687195,1.62534109,12,M,operator assigned,LOCSAT,confirmed,manual,iasp91,17,11,9,0.2976017,119.9704514,0.367017204,0
2019p448195,earthquake,2019-06-15T19:58:21.459Z,2019-06-15T20:01:25.231Z,176.5469971,-40.7016983,1.937474423,21.32756042,M,,LOCSAT,confirmed,manual,iasp91,18,12,8,0.229749426,221.8594217,0.677824188,0
2019p448113,earthquake,2019-06-15T19:15:04.938Z,2019-06-15T19:21:25.693Z,175.5473785,-40.33960724,2.228468307,28.1095314,M,,LOCSAT,confirmed,manual,iasp91,36,25,18,0.176416948,84.12094116,0.307506675,0
2019p447910,earthquake,2019-06-15T17:26:43.574Z,2019-06-15T17:35:17.017Z,174.6887054,-41.44577789,2.213238273,22.77670097,M,,LOCSAT,confirmed,manual,iasp91,25,17,12,0.142205164,139.5800476,0.374403727,0
2019p447301,earthquake,2019-06-15T12:02:29.057Z,2019-07-08T00:44:39.345Z,173.2611847,-41.49006653,2.658597593,47.68432236,M,,LOCSAT,confirmed,manual,iasp91,21,14,7,0.28689605,59.02748108,0.330833377,0
2019p447022,earthquake,2019-06-15T09:33:47.514Z,2019-06-15T09:45:14.935Z,174.3582001,-40.2610817,1.956357205,55.2841568,M,,LOCSAT,confirmed,manual,iasp91,14,9,3,0.63433218,150.9688356,0.642425911,0
2019p446658,earthquake,2019-06-15T06:19:54.538Z,2019-06-15T06:38:16.977Z,174.0599365,-41.75773239,1.425002616,6.78664732,M,,LOCSAT,confirmed,manual,iasp91,18,13,3,0.086264215,58.95544434,0.38898181,0
2019p446515,earthquake,2019-06-15T05:03:37.211Z,2019-06-15T05:55:19.785Z,174.8725281,-41.00194931,2.632909565,20.44459724,M,,LOCSAT,confirmed,manual,iasp91,23,14,21,0.143725008,86.12113094,0.457785286,0
2019p445920,earthquake,2019-06-14T23:46:13.339Z,2019-06-14T23:51:18.844Z,175.9572906,-40.26247787,2.07651833,19.34101868,M,,LOCSAT,confirmed,manual,iasp91,27,19,19,0.164206252,75.68334961,0.345317285,0
2019p445470,earthquake,2019-06-14T19:46:52.912Z,2019-06-14T19:50:51.568Z,175.8719635,-40.61885071,0.94065276,24.31905746,M,,LOCSAT,confirmed,manual,iasp91,14,9,4,0.098974742,81.3666687,0.468719529,0
2019p445454,earthquake,2019-06-14T19:38:12.201Z,2019-06-14T19:42:38.595Z,176.2984772,-40.33827591,1.698793909,23.49597359,M,,LOCSAT,confirmed,manual,iasp91,25,16,11,0.108239964,54.6068573,0.326747384,0
2019p445376,earthquake,2019-06-14T18:56:48.794Z,2019-06-14T19:02:31.486Z,174.2278137,-41.77619171,2.32887166,9.91070652,M,,LOCSAT,confirmed,manual,iasp91,31,25,13,0.029102558,143.2037582,0.459578738,0
2019p445368,earthquake,2019-06-14T18:52:33.183Z,2019-06-14T18:57:06.745Z,174.128067,-41.71174622,1.654179841,10.77422047,M,,LOCSAT,confirmed,manual,iasp91,28,21,6,0.055217002,56.01670074,0.399643584,0
2019p445248,earthquake,2019-06-14T17:48:40.705Z,2019-06-14T17:55:06.635Z,174.2374725,-41.72708511,1.262515631,5.377772331,M,,LOCSAT,confirmed,manual,iasp91,15,10,5,0.028169464,150.8591766,0.598930794,0
2019p445076,earthquake,2019-06-14T16:16:53.669Z,2019-06-14T16:19:12.859Z,175.363266,-39.89709091,1.86428462,41.80007172,M,,LOCSAT,confirmed,manual,iasp91,26,20,9,0.31035766,65.76225281,0.451107335,0
2019p444813,earthquake,2019-06-14T13:56:42.320Z,2019-06-14T14:00:30.833Z,175.8712006,-40.58869171,1.058127079,19.28896713,M,,LOCSAT,confirmed,manual,iasp91,17,11,7,0.083265148,86.11663818,0.460462084,0
2019p444515,earthquake,2019-06-14T11:17:53.923Z,2019-06-14T11:20:23.523Z,174.5618286,-41.61101151,1.728085959,20.60042572,M,,LOCSAT,confirmed,manual,iasp91,16,11,7,0.294910163,145.7470703,0.258817846,0
2019p444487,earthquake,2019-06-14T11:03:01.721Z,2019-06-14T11:05:28.992Z,173.7052307,-41.97560501,1.686581389,5,M,operator assigned,LOCSAT,confirmed,manual,iasp91,19,14,3,0.206930131,111.052948,0.402408137,0
2019p444375,earthquake,2019-06-14T10:03:27.847Z,2019-06-14T10:10:57.076Z,174.0994873,-41.78295898,1.493828478,9.82513237,M,,LOCSAT,confirmed,manual,iasp91,18,13,7,0.092011355,138.6172333,0.362796209,0
2019p444289,earthquake,2019-06-14T09:17:16.671Z,2019-06-14T09:31:55.490Z,175.2058411,-39.77807236,1.972655405,52.0606308,M,,LOCSAT,confirmed,manual,iasp91,25,19,10,0.171409026,40.68664837,0.47904429,0
2019p444262,earthquake,2019-06-14T09:03:14.662Z,2019-06-14T09:09:10.507Z,175.2455292,-40.02007675,2.098186523,25.47756577,M,,LOCSAT,confirmed,manual,iasp91,25,19,13,0.192835167,62.51971436,0.42979689,0
2019p444242,earthquake,2019-06-14T08:52:31.737Z,2019-06-14T09:04:22.235Z,175.3728943,-40.96301651,1.252878393,13.63114166,M,,LOCSAT,confirmed,manual,iasp91,17,14,7,0.126150772,73.86603165,0.284169979,0
2019p444155,earthquake,2019-06-14T08:06:08.544Z,2019-06-14T08:12:42.331Z,174.8741302,-40.12975693,1.857043095,18.96484756,M,,LOCSAT,confirmed,manual,iasp91,26,19,5,0.346293777,64.64611816,0.582024999,0
2019p444026,earthquake,2019-06-14T06:57:23.937Z,2019-06-14T07:01:55.074Z,174.2617798,-41.59178925,1.527486754,5,M,operator assigned,LOCSAT,confirmed,manual,iasp91,24,16,3,0.161157027,104.2754288,0.367980494,0
2019p444011,earthquake,2019-06-14T06:49:13.655Z,2019-06-14T06:53:07.194Z,176.0244446,-40.86925507,1.552720829,18.64408493,M,,LOCSAT,confirmed,manual,iasp91,21,14,5,0.140283927,96.27316284,0.370909503,0
2019p443539,earthquake,2019-06-14T02:37:36.345Z,2019-06-14T02:54:57.874Z,173.3437347,-41.70538712,1.972513438,36.36418915,M,,LOCSAT,confirmed,manual,iasp91,19,12,5,0.333136052,70.45545959,0.255848971,0
2019p443263,earthquake,2019-06-14T00:11:19.755Z,2019-06-14T00:24:51.055Z,174.3474426,-41.41057968,1.708192284,42.47119522,M,,LOCSAT,confirmed,manual,iasp91,17,12,4,0.207088247,125.7941437,0.617033516,0
